news_date	news_time	news_source	news_category	news_corp_select	news_poli_select	news_titles	news_urls		
17/06/2026	15:07	Baochinhphu	Khác		TAKE	Đà Nẵng thí điểm ký cấp 'sổ đỏ' cho các chi nhánh văn phòng đăng ký đất đai	https://baochinhphu.vn/da-nang-thi-diem-ky-cap-so-do-cho-cac-chi-nhanh-van-phong-dang-ky-dat-dai-102260617140754582.htm		https://baochinhphu.vn/da-nang-thi-diem-ky-cap-so-do-cho-cac-chi-nhanh-van-phong-dang-ky-dat-dai-102260617140754582.htm
17/06/2026	15:06	BaoDautu	Khác			Khi xơ mướp kể câu chuyện làm giàu xanh	https://baodautu.vn/khi-xo-muop-ke-cau-chuyen-lam-giau-xanh-d620582.html		
17/06/2026	15:05	Nhandan	Khác		TAKE	Tây Ninh thông qua Nghị quyết thành lập 9 phường mới	https://nhandan.vn/tay-ninh-thong-qua-nghi-quyet-thanh-lap-9-phuong-moi-post969669.html		https://nhandan.vn/tay-ninh-thong-qua-nghi-quyet-thanh-lap-9-phuong-moi-post969669.html
17/06/2026	15:03	FireAnt	Kinh Tế			Những động lực mở ra chu kỳ tăng trưởng mới cho kinh tế Việt Nam	https://fireant.vn/bai-viet/nhung-dong-luc-mo-ra-chu-ky-tang-truong-moi-cho-kinh-te-viet-nam/40500123		
17/06/2026	15:00	FireAnt	Thế Giới			Thái Lan đặt mục tiêu trở thành trung tâm hàng không khu vực vào năm 2029	https://fireant.vn/bai-viet/thai-lan-dat-muc-tieu-tro-thanh-trung-tam-hang-khong-khu-vuc-vao-nam-2029/40500106		
17/06/2026	14:57	FireAnt	Khác		TAKE	Kim ngạch xuất khẩu của Nhật Bản tăng tháng thứ chín liên tiếp	https://fireant.vn/bai-viet/kim-ngach-xuat-khau-cua-nhat-ban-tang-thang-thu-chin-lien-tiep/40500070		https://fireant.vn/bai-viet/kim-ngach-xuat-khau-cua-nhat-ban-tang-thang-thu-chin-lien-tiep/40500070
17/06/2026	14:56	Vneconomy	Tài Chính-Ngân Hàng		TAKE	Tỷ giá USD/VND: Sức ép và triển vọng nửa cuối năm 2026	https://vneconomy.vn/ty-gia-usdvnd-suc-ep-va-trien-vong-nua-cuoi-nam-2026.htm		https://vneconomy.vn/ty-gia-usdvnd-suc-ep-va-trien-vong-nua-cuoi-nam-2026.htm
17/06/2026	14:55	Nhandan	Khác			Cầu có tĩnh không cao nhất Việt Nam sắp hoàn thành	https://nhandan.vn/cau-co-tinh-khong-cao-nhat-viet-nam-sap-hoan-thanh-post969664.html		
17/06/2026	14:55	FireAnt	Khác			Hơn 11.000 tỷ tiết kiệm từ sắp xếp bộ máy bổ sung nguồn cải cách tiền lương	https://fireant.vn/bai-viet/hon-11000-ty-tiet-kiem-tu-sap-xep-bo-may-bo-sung-nguon-cai-cach-tien-luong/40499715		
17/06/2026	14:54	Baochinhphu	Doanh Nghiệp			Xây dựng văn hóa tuân thủ pháp luật trong mỗi người dân, doanh nghiệp	https://baochinhphu.vn/xay-dung-van-hoa-tuan-thu-phap-luat-trong-moi-nguoi-dan-doanh-nghiep-102260617143307284.htm		
17/06/2026	14:52	FireAnt	Khác			VRG trước thềm Đại hội cổ đông: Từ nền tảng tăng trưởng đến khát vọng bứt phá	https://fireant.vn/bai-viet/vrg-truoc-them-dai-hoi-co-dong-tu-nen-tang-tang-truong-den-khat-vong-but-pha/40500031		
17/06/2026	14:49	Baochinhphu	Khác		TAKE	Hải quan siết kiểm soát gian lận xuất xứ hàng hóa	https://baochinhphu.vn/hai-quan-siet-kiem-soat-gian-lan-xuat-xu-hang-hoa-102260617145056517.htm		https://baochinhphu.vn/hai-quan-siet-kiem-soat-gian-lan-xuat-xu-hang-hoa-102260617145056517.htm
17/06/2026	14:49	Nhandan	Khác			Khởi động lại Phiên chợ 0 đồng cho trẻ em vùng cao tại Lào Cai	https://nhandan.vn/khoi-dong-lai-phien-cho-0-dong-cho-tre-em-vung-cao-tai-lao-cai-post969306.html		
17/06/2026	14:48	FireAnt	Thế Giới	TAKE		SSB: SeABank hoàn tất tăng vốn điều lệ lên 34.288 tỷ đồng	https://fireant.vn/bai-viet/ssb-seabank-hoan-tat-tang-von-dieu-le-len-34288-ty-dong/40499967	https://fireant.vn/bai-viet/ssb-seabank-hoan-tat-tang-von-dieu-le-len-34288-ty-dong/40499967	
17/06/2026	14:46	Nhandan	Khác			Những vấn đề lý luận, thực tiễn về hoàn thiện mô hình chính quyền địa phương hai cấp	https://nhandan.vn/nhung-van-de-ly-luan-thuc-tien-ve-hoan-thien-mo-hinh-chinh-quyen-dia-phuong-hai-cap-post969668.html		
17/06/2026	14:46	Nhandan	Thế Giới			Đẩy mạnh tuyên truyền, giáo dục phổ biến pháp luật về phòng, chống ma túy trong thanh thiếu niên	https://nhandan.vn/day-manh-tuyen-truyen-giao-duc-pho-bien-phap-luat-ve-phong-chong-ma-tuy-trong-thanh-thieu-nien-post969656.html		
17/06/2026	14:45	Baochinhphu	Khác			Thủ tướng Lê Minh Hưng thăm triển lãm tiềm lực công nghiệp, công nghệ cao và xuất khẩu của Tatarstan (Liên bang Nga)	https://baochinhphu.vn/thu-tuong-le-minh-hung-tham-trien-lam-tiem-luc-cong-nghiep-cong-nghe-cao-va-xuat-khau-cua-tatarstan-lien-bang-nga-102260617143351784.htm		
17/06/2026	14:45	Nhandan	Khác			Tăng cường hợp tác giữa tỉnh Đắk Lắk và Mondulkiri của Campuchia	https://nhandan.vn/tang-cuong-hop-tac-giua-tinh-dak-lak-va-mondulkiri-cua-campuchia-post969659.html		
17/06/2026	14:45	TinNhanhCK	Chứng Khoán			Quản trị công ty trong doanh nghiệp có vốn nhà nước	https://www.tinnhanhchungkhoan.vn/quan-tri-cong-ty-trong-doanh-nghiep-co-von-nha-nuoc-post392549.html		
17/06/2026	14:45	BaoDautu	Khác			Cloud Icon L'Avenir: Tuyệt tác căn hộ biển khơi dậy cảm hứng viễn du tại Đông Đắk Lắk	https://baodautu.vn/cloud-icon-lavenir-tuyet-tac-can-ho-bien-khoi-day-cam-hung-vien-du-tai-dong-dak-lak-d622420.html		
17/06/2026	14:42	TinNhanhCK	Chứng Khoán			Thông tin ESG: Tài sản chiến lược của doanh nghiệp	https://www.tinnhanhchungkhoan.vn/thong-tin-esg-tai-san-chien-luoc-cua-doanh-nghiep-post392369.html		
17/06/2026	14:40	FireAnt	Khác			Vốn hóa SpaceX đạt 2.660 tỷ USD sau thương vụ IPO chấn động toàn cầu	https://fireant.vn/bai-viet/von-hoa-spacex-dat-2660-ty-usd-sau-thuong-vu-ipo-chan-dong-toan-cau/40499789		
17/06/2026	14:36	BaoDautu	Khác		TAKE	Đà Nẵng chấp thuận đầu tư Khu dân cư Nam Cửa Đại 2, tổng vốn 514 tỷ đồng	https://baodautu.vn/da-nang-chap-thuan-dau-tu-khu-dan-cu-nam-cua-dai-2-tong-von-514-ty-dong-d622388.html		https://baodautu.vn/da-nang-chap-thuan-dau-tu-khu-dan-cu-nam-cua-dai-2-tong-von-514-ty-dong-d622388.html
17/06/2026	14:35	FireAnt	Khác			Những khoản trợ cấp nào tăng theo lương từ ngày 1/7?	https://fireant.vn/bai-viet/nhung-khoan-tro-cap-nao-tang-theo-luong-tu-ngay-17/40499639		
17/06/2026	14:33	TinNhanhCK	Chứng Khoán	TAKE		ĐHCĐ Tập đoàn Cao su Việt Nam (GVR): Lợi nhuận 5 tháng ước đạt gần 3.900 tỷ đồng	https://www.tinnhanhchungkhoan.vn/dhcd-tap-doan-cao-su-viet-nam-gvr-loi-nhuan-5-thang-uoc-dat-gan-3900-ty-dong-post392535.html	https://www.tinnhanhchungkhoan.vn/dhcd-tap-doan-cao-su-viet-nam-gvr-loi-nhuan-5-thang-uoc-dat-gan-3900-ty-dong-post392535.html	
17/06/2026	14:32	BaoDautu	Khác		TAKE	TT Capital cất nóc toà tháp AVIS tại dự án TT AVIO	https://baodautu.vn/tt-capital-cat-noc-toa-thap-avis-tai-du-an-tt-avio-d622365.html		https://baodautu.vn/tt-capital-cat-noc-toa-thap-avis-tai-du-an-tt-avio-d622365.html
17/06/2026	14:30	TinNhanhCK	Chứng Khoán			Nhà đầu tư muốn làm 14 dự án điện gió ngoài khơi cả triệu tỷ đồng lại đề xuất rút lui	https://www.tinnhanhchungkhoan.vn/nha-dau-tu-muon-lam-14-du-an-dien-gio-ngoai-khoi-ca-trieu-ty-dong-lai-de-xuat-rut-lui-post392544.html		
17/06/2026	14:30	FireAnt	Thế Giới	TAKE		ABBank tất toán sớm 02 lô trái phiếu sau 01 năm phát hành	https://fireant.vn/bai-viet/abbank-tat-toan-som-02-lo-trai-phieu-sau-01-nam-phat-hanh/40499496	https://fireant.vn/bai-viet/abbank-tat-toan-som-02-lo-trai-phieu-sau-01-nam-phat-hanh/40499496	
17/06/2026	14:28	Vietnambusinessinsider	Khác			Ông Nguyễn văn Thanh, cựu CEO Xanh SM tiết lộ lý do nói lời tạm biệt Xanh SM và Vingroup sau 7 năm gắn bó	https://vietnambusinessinsider.vn/ong-nguyen-van-thanh-cuu-ceo-xanh-sm-tiet-lo-ly-do-noi-loi-tam-biet-xanh-sm-va-vingroup-sau-7-nam-gan-bo-a53936.html		
17/06/2026	14:28	Nhandan	Khác		TAKE	Chính sách thuế chỉ là một phần trong bài toán nhà ở cho công nhân	https://nhandan.vn/chinh-sach-thue-chi-la-mot-phan-trong-bai-toan-nha-o-cho-cong-nhan-post969657.html		https://nhandan.vn/chinh-sach-thue-chi-la-mot-phan-trong-bai-toan-nha-o-cho-cong-nhan-post969657.html
17/06/2026	14:26	Vietstock	Kinh Tế		TAKE	Phó Thủ tướng Nguyễn Văn Thắng: Ưu tiên ODA cho các dự án lớn	http://vietstock.vn/2026/06/pho-thu-tuong-nguyen-van-thang-uu-tien-oda-cho-cac-du-an-lon-768-1455249.htm		http://vietstock.vn/2026/06/pho-thu-tuong-nguyen-van-thang-uu-tien-oda-cho-cac-du-an-lon-768-1455249.htm
17/06/2026	14:26	Nhandan	Khác		TAKE	Việt Nam-Brazil tăng cường hợp tác trong lĩnh vực năng lượng tái tạo	https://nhandan.vn/viet-nam-brazil-tang-cuong-hop-tac-trong-linh-vuc-nang-luong-tai-tao-post969651.html		https://nhandan.vn/viet-nam-brazil-tang-cuong-hop-tac-trong-linh-vuc-nang-luong-tai-tao-post969651.html
17/06/2026	14:26	Nhandan	Khác			Bộ đội Biên phòng tỉnh Nghệ An tuần tra song phương bảo vệ biên giới Việt Nam-Lào	https://nhandan.vn/bo-doi-bien-phong-tinh-nghe-an-tuan-tra-song-phuong-bao-ve-bien-gioi-viet-nam-lao-post969638.html		
17/06/2026	14:26	Nhandan	Khác			Tiến độ xử lý 5 vụ việc sai phạm ở Đồng Nai	https://nhandan.vn/tien-do-xu-ly-5-vu-viec-sai-pham-o-dong-nai-post969649.html		
17/06/2026	14:25	FireAnt	Thế Giới			Giá vàng đón tín hiệu tích cực từ hai “ông lớn” Phố Wall	https://fireant.vn/bai-viet/gia-vang-don-tin-hieu-tich-cuc-tu-hai-ong-lon-pho-wall/40499388		
17/06/2026	14:24	Vietstock	Doanh Nghiệp	TAKE		Công ty con của Vinataba sắp trả cổ tức 25% bằng tiền	http://vietstock.vn/2026/06/cong-ty-con-cua-vinataba-sap-tra-co-tuc-25-bang-tien-738-1455240.htm	http://vietstock.vn/2026/06/cong-ty-con-cua-vinataba-sap-tra-co-tuc-25-bang-tien-738-1455240.htm	
17/06/2026	14:24	Nhandan	Thế Giới			Khai mạc trọng thể Đại hội đại biểu toàn quốc Hội Cựu chiến binh Việt Nam lần thứ VIII	https://nhandan.vn/khai-mac-trong-the-dai-hoi-dai-bieu-toan-quoc-hoi-cuu-chien-binh-viet-nam-lan-thu-viii-post969667.html		
17/06/2026	14:20	TinNhanhCK	Chứng Khoán		TAKE	Quảng Ninh mở thêm dư địa tăng trưởng cho Khu kinh tế cửa khẩu Móng Cái	https://www.tinnhanhchungkhoan.vn/quang-ninh-mo-them-du-dia-tang-truong-cho-khu-kinh-te-cua-khau-mong-cai-post392543.html		https://www.tinnhanhchungkhoan.vn/quang-ninh-mo-them-du-dia-tang-truong-cho-khu-kinh-te-cua-khau-mong-cai-post392543.html
17/06/2026	14:19	FireAnt	Khác			Cục Thuế nói về đề xuất chính sách thuế khoán cho hộ kinh doanh dưới 5 tỉ đồng/năm	https://fireant.vn/bai-viet/cuc-thue-noi-ve-de-xuat-chinh-sach-thue-khoan-cho-ho-kinh-doanh-duoi-5-ti-dongnam/40499307		
17/06/2026	14:18	Vietstock	Bất Động Sản			Gỡ vướng bồi thường, giải phóng mặt bằng dự án quốc lộ 13	http://vietstock.vn/2026/06/go-vuong-boi-thuong-giai-phong-mat-bang-du-an-quoc-lo-13-4266-1455271.htm		
17/06/2026	14:17	TinNhanhCK	Chứng Khoán			Yêu cầu bảo đảm tiến độ dự án đường sắt Lào Cai - Hà Nội - Hải Phòng	https://www.tinnhanhchungkhoan.vn/yeu-cau-bao-dam-tien-do-du-an-duong-sat-lao-cai-ha-noi-hai-phong-post392542.html		
17/06/2026	14:16	TinNhanhCK	Chứng Khoán			Người mua nhà ở thực định hình lại thị trường bất động sản	https://www.tinnhanhchungkhoan.vn/nguoi-mua-nha-o-thuc-dinh-hinh-lai-thi-truong-bat-dong-san-post392531.html		
17/06/2026	14:16	TinNhanhCK	Chứng Khoán		TAKE	Thái Nguyên “mở đại công trường” nhà ở xã hội, mục tiêu 60.000 căn đến năm 2030	https://www.tinnhanhchungkhoan.vn/thai-nguyen-mo-dai-cong-truong-nha-o-xa-hoi-muc-tieu-60000-can-den-nam-2030-post392541.html		https://www.tinnhanhchungkhoan.vn/thai-nguyen-mo-dai-cong-truong-nha-o-xa-hoi-muc-tieu-60000-can-den-nam-2030-post392541.html
17/06/2026	14:16	BaoDautu	Khác			Khu neo đậu tàu cá 349 tỷ đồng tại Quảng Trị gặp khó trong giải phóng mặt bằng	https://baodautu.vn/khu-neo-dau-tau-ca-349-ty-dong-tai-quang-tri-gap-kho-trong-giai-phong-mat-bang-d622216.html		
17/06/2026	14:15	TinNhanhCK	Chứng Khoán			Bảo hiểm nhân thọ: Hiểu đúng để chọn đúng	https://www.tinnhanhchungkhoan.vn/bao-hiem-nhan-tho-hieu-dung-de-chon-dung-post392378.html		
17/06/2026	14:12	FireAnt	Tài Chính-Ngân Hàng			Bộ Tài chính xây dựng nhiều kịch bản điều hành, không có kịch bản nào tăng trưởng dưới 10%	https://fireant.vn/bai-viet/bo-tai-chinh-xay-dung-nhieu-kich-ban-dieu-hanh-khong-co-kich-ban-nao-tang-truong-duoi-10/40498526		
17/06/2026	14:12	FireAnt	Tài Chính-Ngân Hàng		TAKE	Nhập siêu 13,8 tỉ USD, Bộ Tài chính nói gì?	https://fireant.vn/bai-viet/nhap-sieu-138-ti-usd-bo-tai-chinh-noi-gi/40498390		https://fireant.vn/bai-viet/nhap-sieu-138-ti-usd-bo-tai-chinh-noi-gi/40498390
17/06/2026	14:12	FireAnt	Chứng Khoán			Loạt doanh nghiệp chia cổ tức, Bia Hạ Long trả 12.500 đồng/CP, Nam Kim thưởng cổ phiếu	https://fireant.vn/bai-viet/loat-doanh-nghiep-chia-co-tuc-bia-ha-long-tra-12500-dongcp-nam-kim-thuong-co-phieu/40496309		
17/06/2026	14:12	FireAnt	Bất Động Sản			Tuyên bố tập trung cho chất lượng các dự án, Vinhomes của tỷ phú Phạm Nhật Vượng có động thái mới tại một đại đô thị, đưa dự án thành “siêu công trình” lớn nhất lịch sử	https://fireant.vn/bai-viet/tuyen-bo-tap-trung-cho-chat-luong-cac-du-an-vinhomes-cua-ty-phu-pham-nhat-vuong-co-dong-thai-moi-tai-mot-dai-do-thi-dua-du-an-thanh-sieu-cong-trinh-lon-nhat-lich-su/40496155		
17/06/2026	14:12	FireAnt	Khác		TAKE	Người dân TP.Đồng Nai, TP.HCM đón tin vui: Cây cầu Cát Lái hơn 24.000 tỷ đồng, dài hơn 11 km sắp khởi công trong ít ngày tới	https://fireant.vn/bai-viet/nguoi-dan-tpdong-nai-tphcm-don-tin-vui-cay-cau-cat-lai-hon-24000-ty-dong-dai-hon-11-km-sap-khoi-cong-trong-it-ngay-toi/40496023		https://fireant.vn/bai-viet/nguoi-dan-tpdong-nai-tphcm-don-tin-vui-cay-cau-cat-lai-hon-24000-ty-dong-dai-hon-11-km-sap-khoi-cong-trong-it-ngay-toi/40496023
17/06/2026	14:12	FireAnt	Khác			Chủ tịch FLC Trịnh Văn Quyết xúc động nói về những người đã đồng hành cùng tập đoàn trong những giai đoạn khó khăn nhất	https://fireant.vn/bai-viet/chu-tich-flc-trinh-van-quyet-xuc-dong-noi-ve-nhung-nguoi-da-dong-hanh-cung-tap-doan-trong-nhung-giai-doan-kho-khan-nhat/40495465		
17/06/2026	14:07	TinNhanhCK	Chứng Khoán			Con đường dài phục hồi sau cú sốc năng lượng	https://www.tinnhanhchungkhoan.vn/con-duong-dai-phuc-hoi-sau-cu-soc-nang-luong-post392534.html		
17/06/2026	14:00	Vneconomy	Tài Chính-Ngân Hàng			Vietbank tài trợ phòng thực hành mô phỏng nghiệp vụ ngân hàng cho UEF	https://vneconomy.vn/vietbank-tai-tro-phong-thuc-hanh-mo-phong-nghiep-vu-ngan-hang-cho-uef.htm		
17/06/2026	13:54	TinNhanhCK	Chứng Khoán			Doanh nghiệp bước vào kỷ nguyên IR mới	https://www.tinnhanhchungkhoan.vn/doanh-nghiep-buoc-vao-ky-nguyen-ir-moi-post392370.html		
17/06/2026	13:54	TinNhanhCK	Chứng Khoán		TAKE	Việt Nam tăng nhập khẩu hàng công nghệ từ Nhật Bản	https://www.tinnhanhchungkhoan.vn/viet-nam-tang-nhap-khau-hang-cong-nghe-tu-nhat-ban-post392537.html		https://www.tinnhanhchungkhoan.vn/viet-nam-tang-nhap-khau-hang-cong-nghe-tu-nhat-ban-post392537.html
17/06/2026	13:53	TinNhanhCK	Tài Chính-Ngân Hàng			Ngành Tài chính chủ động các kịch bản ứng phó với biến động kinh tế	https://www.tinnhanhchungkhoan.vn/nganh-tai-chinh-chu-dong-cac-kich-ban-ung-pho-voi-bien-dong-kinh-te-post392536.html		
17/06/2026	13:52	Vneconomy	Chứng Khoán			Dòng tiền toàn cầu vào Mỹ thận trọng hơn do lo ngại Fed tăng lãi suất	https://vneconomy.vn/dong-tien-toan-cau-vao-my-than-trong-hon-do-lo-ngai-fed-tang-lai-suat.htm		
17/06/2026	13:51	Vietstock	Tài Chính-Ngân Hàng			Ngân hàng làm trung gian vốn như thế nào? - Phần 2: Cái phanh kinh tế quan trọng	http://vietstock.vn/2026/06/ngan-hang-lam-trung-gian-von-nhu-the-nao-phan-2-cai-phanh-kinh-te-quan-trong-757-1455266.htm		
17/06/2026	13:51	TinNhanhCK	Chứng Khoán		TAKE	Bộ Nông nghiệp và Môi trường hoàn tất chuẩn bị cho hệ thống truy xuất nguồn gốc nông sản	https://www.tinnhanhchungkhoan.vn/bo-nong-nghiep-va-moi-truong-hoan-tat-chuan-bi-cho-he-thong-truy-xuat-nguon-goc-nong-san-post392538.html		https://www.tinnhanhchungkhoan.vn/bo-nong-nghiep-va-moi-truong-hoan-tat-chuan-bi-cho-he-thong-truy-xuat-nguon-goc-nong-san-post392538.html
17/06/2026	13:50	TinNhanhCK	Chứng Khoán			Bộ Công an cảnh báo vi phạm pháp luật về thuế	https://www.tinnhanhchungkhoan.vn/bo-cong-an-canh-bao-vi-pham-phap-luat-ve-thue-post392539.html		
17/06/2026	13:39	Nhandan	Doanh Nghiệp			Vietnam Airlines giữ vị trí trong Top 100 doanh nghiệp lớn nhất Đông Nam Á	https://nhandan.vn/vietnam-airlines-giu-vi-tri-trong-top-100-doanh-nghiep-lon-nhat-dong-nam-a-post969648.html		
17/06/2026	13:35	Viettimes	Khác			Không thành lập quỹ mới về phát triển AI quốc gia	https://viettimes.vn/khong-thanh-lap-quy-moi-ve-phat-trien-ai-quoc-gia-post201621.html		
17/06/2026	13:29	Vietnambusinessinsider	Doanh Nghiệp			Danh sách 9960 doanh nghiệp, hộ kinh doanh, cá nhân ở Hà Nội dự kiến được Công an TP Hà Nội kiểm tra trong Quý II/2026	https://vietnambusinessinsider.vn/danh-sach-9960-doanh-nghiep-ho-kinh-doanh-ca-nhan-o-ha-noi-du-kien-duoc-cong-an-tp-ha-noi-kiem-tra-trong-quy-ii2026-a53935.html		
17/06/2026	13:24	Baochinhphu	Khác			Hướng tới những quyết sách quan trọng, tạo động lực để phụ nữ phát triển	https://baochinhphu.vn/huong-toi-nhung-quyet-sach-quan-trong-tao-dong-luc-de-phu-nu-phat-trien-102260617125403849.htm		
17/06/2026	13:18	TinNhanhCK	Chứng Khoán			Tín dụng bất động sản: Bài toán kiểm soát dòng tiền	https://www.tinnhanhchungkhoan.vn/tin-dung-bat-dong-san-bai-toan-kiem-soat-dong-tien-post392368.html		
17/06/2026	13:16	Baochinhphu	Khác			Phó Thủ tướng Nguyễn Văn Thắng: Ưu tiên ODA cho các dự án lớn	https://baochinhphu.vn/pho-thu-tuong-nguyen-van-thang-uu-tien-oda-cho-cac-du-an-lon-102260617125541085.htm		
17/06/2026	13:16	Vietnambusinessinsider	Khác			Chiến tranh có thể kết thúc, nhưng kỷ nguyên lãi suất cao thì chưa	https://vietnambusinessinsider.vn/chien-tranh-co-the-ket-thuc-nhung-ky-nguyen-lai-suat-cao-thi-chua-a53932.html		
17/06/2026	13:16	Vietnambusinessinsider	Khác			Thời tiết Châu Âu đang hỗ trợ giá nông sản	https://vietnambusinessinsider.vn/thoi-tiet-chau-au-dang-ho-tro-gia-nong-san-a53930.html		
17/06/2026	13:12	FireAnt	Thế Giới			Thông tin mới về siêu dự án hơn 8 tỷ USD đi qua 6 tỉnh thành Việt Nam: Phó Thủ tướng vừa chỉ đạo gì?	https://fireant.vn/bai-viet/thong-tin-moi-ve-sieu-du-an-hon-8-ty-usd-di-qua-6-tinh-thanh-viet-nam-pho-thu-tuong-vua-chi-dao-gi/40495400		
17/06/2026	13:12	FireAnt	Khác			Cựu TGĐ GSM Nguyễn Văn Thanh nói lý do rời Vingroup sau 7 năm làm việc	https://fireant.vn/bai-viet/cuu-tgd-gsm-nguyen-van-thanh-noi-ly-do-roi-vingroup-sau-7-nam-lam-viec/40495204		
17/06/2026	13:12	FireAnt	Doanh Nghiệp			VietinBank - 'bà đỡ' hàng đầu cho doanh nghiệp vừa và nhỏ	https://fireant.vn/bai-viet/vietinbank---ba-do-hang-dau-cho-doanh-nghiep-vua-va-nho/40495063		
17/06/2026	13:12	FireAnt	Khác			‘Mối quan hệ giữa thuế và nhà đầu tư như là ong với hoa, không phải đối kháng’	https://fireant.vn/bai-viet/moi-quan-he-giua-thue-va-nha-dau-tu-nhu-la-ong-voi-hoa-khong-phai-doi-khang/40494894		
17/06/2026	13:12	FireAnt	Tài Chính-Ngân Hàng		TAKE	Khảo sát 'nóng' từ WGC: khối ngân hàng trung ương toàn cầu sẽ tăng mua vàng	https://fireant.vn/bai-viet/khao-sat-nong-tu-wgc-khoi-ngan-hang-trung-uong-toan-cau-se-tang-mua-vang/40494657		https://fireant.vn/bai-viet/khao-sat-nong-tu-wgc-khoi-ngan-hang-trung-uong-toan-cau-se-tang-mua-vang/40494657
17/06/2026	13:12	FireAnt	Doanh Nghiệp			Kiểm toán từ chối ra ý kiến, một doanh nghiệp nói do hồ sơ thất lạc sau thay đổi nhân sự	https://fireant.vn/bai-viet/kiem-toan-tu-choi-ra-y-kien-mot-doanh-nghiep-noi-do-ho-so-that-lac-sau-thay-doi-nhan-su/40494499		
17/06/2026	13:12	FireAnt	Thế Giới			Nhập siêu lớn: vì sao?	https://fireant.vn/bai-viet/nhap-sieu-lon-vi-sao/40494354		
17/06/2026	13:03	Vietstock	Doanh Nghiệp	TAKE		ĐHĐCĐ GVR: Giá cao su còn tăng, triển khai đầu tư nhiều khu công nghiệp từ quý 3	http://vietstock.vn/2026/06/dhdcd-gvr-gia-cao-su-con-tang-trien-khai-dau-tu-nhieu-khu-cong-nghiep-tu-quy-3-737-1455245.htm	http://vietstock.vn/2026/06/dhdcd-gvr-gia-cao-su-con-tang-trien-khai-dau-tu-nhieu-khu-cong-nghiep-tu-quy-3-737-1455245.htm	
17/06/2026	13:01	Nhandan	Khác			Hội Báo toàn quốc 2026 lần đầu tiên tổ chức tại thành phố Hải Phòng	https://nhandan.vn/hoi-bao-toan-quoc-2026-lan-dau-tien-to-chuc-tai-thanh-pho-hai-phong-post969646.html		
17/06/2026	13:01	Nhandan	Khác			Các đơn vị Trung ương, bộ, ngành chúc mừng Báo Nhân Dân kỷ niệm 101 năm Ngày Báo chí Cách mạng Việt Nam	https://nhandan.vn/cac-don-vi-trung-uong-bo-nganh-chuc-mung-bao-nhan-dan-ky-niem-101-nam-ngay-bao-chi-cach-mang-viet-nam-post969660.html		
17/06/2026	12:57	Baochinhphu	Khác			Trao cơ hội để phụ nữ trở thành động lực của tăng trưởng xanh	https://baochinhphu.vn/trao-co-hoi-de-phu-nu-tro-thanh-dong-luc-cua-tang-truong-xanh-102260617110542493.htm		
17/06/2026	12:55	Baochinhphu	Khác			Phó Thủ tướng Thường trực Phạm Gia Túc: Khẩn trương hoàn thiện dự thảo các nghị định hướng dẫn thi hành Luật Hàng không dân dụng Việt Nam	https://baochinhphu.vn/pho-thu-tuong-thuong-truc-pham-gia-tuc-khan-truong-hoan-thien-du-thao-cac-nghi-dinh-huong-dan-thi-hanh-luat-hang-khong-dan-dung-viet-nam-102260617120820906.htm		
17/06/2026	12:52	Baochinhphu	Khác			Tổng Bí thư, Chủ tịch nước Tô Lâm: Tiếp tục xây dựng Hội Cựu chiến binh Việt Nam vững mạnh toàn diện	https://baochinhphu.vn/tong-bi-thu-chu-tich-nuoc-to-lam-tiep-tuc-xay-dung-hoi-cuu-chien-binh-viet-nam-vung-manh-toan-dien-102260617124920689.htm		
17/06/2026	12:51	TinNhanhCK	Chứng Khoán			Ranh giới mong manh tin đồn và sự thật	https://www.tinnhanhchungkhoan.vn/ranh-gioi-mong-manh-tin-don-va-su-that-post392410.html		
17/06/2026	12:50	Vietstock	Tài Chính-Ngân Hàng	TAKE		SeABank hoàn tất tăng vốn điều lệ lên 34,288 tỷ đồng	http://vietstock.vn/2026/06/seabank-hoan-tat-tang-von-dieu-le-len-34288-ty-dong-757-1455243.htm	http://vietstock.vn/2026/06/seabank-hoan-tat-tang-von-dieu-le-len-34288-ty-dong-757-1455243.htm	
17/06/2026	12:43	TinNhanhCK	Tài Chính-Ngân Hàng			Ngân hàng bước vào “cuộc đua” Basel III	https://www.tinnhanhchungkhoan.vn/ngan-hang-buoc-vao-cuoc-dua-basel-iii-post391918.html		
17/06/2026	12:27	Vietstock	Chứng Khoán	TAKE		Chủ tịch Đặng Huỳnh Ức My hoàn tất mua gần 43 triệu cp SBT	http://vietstock.vn/2026/06/chu-tich-dang-huynh-uc-my-hoan-tat-mua-gan-43-trieu-cp-sbt-739-1455227.htm	http://vietstock.vn/2026/06/chu-tich-dang-huynh-uc-my-hoan-tat-mua-gan-43-trieu-cp-sbt-739-1455227.htm	
17/06/2026	12:23	Baochinhphu	Chính Sách-Chính Phủ			Cổng TTĐT Chính phủ: Thương hiệu cung cấp thông tin tin cậy của Đảng, Nhà nước, Chính phủ	https://baochinhphu.vn/cong-ttdt-chinh-phu-thuong-hieu-cung-cap-thong-tin-tin-cay-cua-dang-nha-nuoc-chinh-phu-102260617115746557.htm		
17/06/2026	12:23	Vietstock	Doanh Nghiệp		TAKE	Sun Group hợp tác cùng HAECO, Japan Airlines và Toyota Tsusho hình thành tổ hợp bảo dưỡng, sửa chữa tàu bay quy mô hàng đầu	http://vietstock.vn/2026/06/sun-group-hop-tac-cung-haeco-japan-airlines-va-toyota-tsusho-hinh-thanh-to-hop-bao-duong-sua-chua-tau-bay-quy-mo-hang-dau-737-1455237.htm		http://vietstock.vn/2026/06/sun-group-hop-tac-cung-haeco-japan-airlines-va-toyota-tsusho-hinh-thanh-to-hop-bao-duong-sua-chua-tau-bay-quy-mo-hang-dau-737-1455237.htm
17/06/2026	12:18	Nhandan	Thế Giới			789 đại biểu chính thức dự Đại hội đại biểu Phụ nữ toàn quốc lần thứ XIV	https://nhandan.vn/789-dai-bieu-chinh-thuc-du-dai-hoi-dai-bieu-phu-nu-toan-quoc-lan-thu-xiv-post969616.html		
17/06/2026	12:12	Vietstock	Doanh Nghiệp			TAND TPHCM giữ nguyên quyết định đình chỉ thủ tục phá sản với ITA	http://vietstock.vn/2026/06/tand-tphcm-giu-nguyen-quyet-dinh-dinh-chi-thu-tuc-pha-san-voi-ita-737-1455214.htm		
17/06/2026	12:12	FireAnt	Khác	TAKE		Chờ đợi gì tại ĐHĐCĐ đầu tiên của Gelex Infra	https://fireant.vn/bai-viet/cho-doi-gi-tai-dhdcd-dau-tien-cua-gelex-infra/40492823	https://fireant.vn/bai-viet/cho-doi-gi-tai-dhdcd-dau-tien-cua-gelex-infra/40492823	
17/06/2026	12:12	FireAnt	Doanh Nghiệp			Mở rộng dư địa cho thị trường trái phiếu doanh nghiệp	https://fireant.vn/bai-viet/mo-rong-du-dia-cho-thi-truong-trai-phieu-doanh-nghiep/40492777		
17/06/2026	12:12	FireAnt	Chứng Khoán			Xây dựng các giải pháp phát triển thị trường chứng khoán và nâng cao chất lượng dòng vốn FDI	https://fireant.vn/bai-viet/xay-dung-cac-giai-phap-phat-trien-thi-truong-chung-khoan-va-nang-cao-chat-luong-dong-von-fdi/40492771		
17/06/2026	12:12	FireAnt	Khác			TP. Đồng Nai phát triển logistics đồng bộ để nâng tầm chuỗi cung ứng	https://fireant.vn/bai-viet/tp-dong-nai-phat-trien-logistics-dong-bo-de-nang-tam-chuoi-cung-ung/40492751		
17/06/2026	12:12	FireAnt	Khác			Chân dung tân Tổng Giám đốc hãng taxi điện của ông Phạm Nhật Vượng	https://fireant.vn/bai-viet/chan-dung-tan-tong-giam-doc-hang-taxi-dien-cua-ong-pham-nhat-vuong/40492702		
17/06/2026	12:12	FireAnt	Doanh Nghiệp			Agribank ba năm liên tiếp góp mặt Top 50 doanh nghiệp lớn nhất Đông Nam Á	https://fireant.vn/bai-viet/agribank-ba-nam-lien-tiep-gop-mat-top-50-doanh-nghiep-lon-nhat-dong-nam-a/40492655		
17/06/2026	12:12	FireAnt	Thế Giới	TAKE		GSP: Gas Shipping đặt mục tiêu tăng trưởng mạnh, tiếp tục gia tăng năng lực vận tải	https://fireant.vn/bai-viet/gsp-gas-shipping-dat-muc-tieu-tang-truong-manh-tiep-tuc-gia-tang-nang-luc-van-tai/40492544	https://fireant.vn/bai-viet/gsp-gas-shipping-dat-muc-tieu-tang-truong-manh-tiep-tuc-gia-tang-nang-luc-van-tai/40492544	
17/06/2026	12:10	Baochinhphu	Thế Giới			Việt Nam-Lào thúc đẩy hợp tác pháp luật, tư pháp toàn diện giai đoạn 2026-2030	https://baochinhphu.vn/viet-nam-lao-thong-nhat-nhieu-dinh-huong-hop-tac-phap-luat-tu-phap-giai-doan-2026-2030-102260617115823971.htm		
17/06/2026	12:06	TinNhanhCK	Chứng Khoán		TAKE	Madame Nguyễn Thị Nga được giao giữ chức Quyền Chủ tịch Hội Doanh nhân Tư nhân Việt Nam	https://www.tinnhanhchungkhoan.vn/madame-nguyen-thi-nga-duoc-giao-giu-chuc-quyen-chu-tich-hoi-doanh-nhan-tu-nhan-viet-nam-post392527.html		https://www.tinnhanhchungkhoan.vn/madame-nguyen-thi-nga-duoc-giao-giu-chuc-quyen-chu-tich-hoi-doanh-nhan-tu-nhan-viet-nam-post392527.html
17/06/2026	12:03	Nhandan	Khác			Giá vàng ngày 17/6: Giá vàng nhẫn đắt hơn vàng miếng 200.000 đồng/lượng	https://nhandan.vn/gia-vang-ngay-176-gia-vang-nhan-dat-hon-vang-mieng-200000-dongluong-post969655.html		
17/06/2026	12:02	Vietnambusinessinsider	Tài Chính-Ngân Hàng			Người hay overthinkking có sống được ở ngân hàng không ?	https://vietnambusinessinsider.vn/nguoi-hay-overthinkking-co-song-duoc-o-ngan-hang-khong-a53934.html		
17/06/2026	12:01	Vneconomy	Chứng Khoán			Trụ to lao dốc, VN-Index lại thủng 1800, cổ phiếu vừa và nhỏ “gắng gượng” xanh	https://vneconomy.vn/tru-to-lao-doc-vn-index-lai-thung-1800-co-phieu-vua-va-nho-gang-guong-xanh.htm		
17/06/2026	12:00	Baochinhphu	Khác			Công bố quyết định chuẩn y Bí thư, Phó Bí thư Đảng ủy Đại học Đà Nẵng	https://baochinhphu.vn/cong-bo-quyet-dinh-chuan-y-bi-thu-pho-bi-thu-dang-uy-dai-hoc-da-nang-102260617115516861.htm		
17/06/2026	11:59	Baochinhphu	Doanh Nghiệp			Chính sách công nghệ cao phải tạo động lực cho doanh nghiệp đầu tư nghiên cứu	https://baochinhphu.vn/chinh-sach-cong-nghe-cao-phai-tao-dong-luc-cho-doanh-nghiep-dau-tu-nghien-cuu-102260617112417551.htm		
17/06/2026	11:57	Nhandan	Khác			Quảng Trị không né tránh thách thức, biến áp lực thành hành động	https://nhandan.vn/quang-tri-khong-ne-tranh-thach-thuc-bien-ap-luc-thanh-hanh-dong-post969642.html		
17/06/2026	11:54	Baochinhphu	Tài Chính-Ngân Hàng			Bộ Tài chính nói về các đề xuất đối với chính sách thuế	https://baochinhphu.vn/bo-tai-chinh-noi-ve-cac-de-xuat-doi-voi-chinh-sach-thue-102260617115721331.htm		
17/06/2026	11:53	BaoDautu	Thế Giới			SeABank hoàn tất tăng vốn điều lệ lên 34.288 tỷ đồng	https://baodautu.vn/seabank-hoan-tat-tang-von-dieu-le-len-34288-ty-dong-d622215.html		
17/06/2026	11:52	Nhandan	Khác		TAKE	Giá dầu lao dốc kéo MXV-Index giảm, cà-phê nối dài đà tăng	https://nhandan.vn/gia-dau-lao-doc-keo-mxv-index-giam-ca-phe-noi-dai-da-tang-post969652.html		https://nhandan.vn/gia-dau-lao-doc-keo-mxv-index-giam-ca-phe-noi-dai-da-tang-post969652.html
17/06/2026	11:52	BaoDautu	Thế Giới			Nhà đầu tư muốn làm 14 dự án điện gió ngoài khơi cả triệu tỷ đồng lại đề xuất rút lui	https://baodautu.vn/nha-dau-tu-muon-lam-14-du-an-dien-gio-ngoai-khoi-ca-trieu-ty-dong-lai-de-xuat-rut-lui-d622211.html		
17/06/2026	11:51	Nhandan	Khác			Thanh Hóa giải cứu 3 người mắc kẹt trong vụ cháy	https://nhandan.vn/thanh-hoa-giai-cuu-3-nguoi-mac-ket-trong-vu-chay-post969641.html		
17/06/2026	11:51	BaoDautu	Khác			Madame Nguyễn Thị Nga được giao giữ chức Quyền Chủ tịch Hội Doanh nhân Tư nhân Việt Nam	https://baodautu.vn/madame-nguyen-thi-nga-duoc-giao-giu-chuc-quyen-chu-tich-hoi-doanh-nhan-tu-nhan-viet-nam-d622212.html		
17/06/2026	11:48	Baochinhphu	Doanh Nghiệp			Giao chỉ tiêu tăng trưởng: Triển khai quyết liệt dựa trên tiềm năng của từng địa phương và doanh nghiệp	https://baochinhphu.vn/giao-chi-tieu-tang-truong-trien-khai-quyet-liet-dua-tren-tiem-nang-cua-tung-dia-phuong-va-doanh-nghiep-102260617114237043.htm		
17/06/2026	11:45	Baochinhphu	Thế Giới			Nhanh chóng cụ thể hoá Nghị quyết 10-NQ/TW với những mục tiêu đầy tham vọng	https://baochinhphu.vn/nhanh-chong-cu-the-hoa-nghi-quyet-10-nq-tw-voi-nhung-muc-tieu-day-tham-vong-102260617113449542.htm		
17/06/2026	11:39	Nhandan	Thế Giới			[Ảnh] Tổng Bí thư, Chủ tịch nước Tô Lâm dự Đại hội đại biểu toàn quốc Hội Cựu chiến binh lần thứ VIII	https://nhandan.vn/anh-tong-bi-thu-chu-tich-nuoc-to-lam-du-dai-hoi-dai-bieu-toan-quoc-hoi-cuu-chien-binh-lan-thu-viii-post969654.html		
17/06/2026	11:38	Viettimes	Tài Chính-Ngân Hàng		TAKE	Bộ Tài chính nói về đề xuất cho phép hộ kinh doanh dưới 5 tỷ đồng/năm nộp thuế khoán	https://viettimes.vn/bo-tai-chinh-noi-ve-de-xuat-cho-phep-ho-kinh-doanh-duoi-5-ty-dongnam-nop-thue-khoan-post201615.html		https://viettimes.vn/bo-tai-chinh-noi-ve-de-xuat-cho-phep-ho-kinh-doanh-duoi-5-ty-dongnam-nop-thue-khoan-post201615.html
17/06/2026	11:38	Vietstock	Tài Chính-Ngân Hàng			Thông tin về đề xuất cho phép hộ kinh doanh dưới 5 tỷ/năm nộp thuế khoán	http://vietstock.vn/2026/06/thong-tin-ve-de-xuat-cho-phep-ho-kinh-doanh-duoi-5-tynam-nop-thue-khoan-758-1455226.htm		
17/06/2026	11:32	Vietstock	Doanh Nghiệp	TAKE		FPT triển khai ESOP 2026, lãnh đạo bị hạn chế chuyển nhượng tới 10 năm	http://vietstock.vn/2026/06/fpt-trien-khai-esop-2026-lanh-dao-bi-han-che-chuyen-nhuong-toi-10-nam-764-1455208.htm	http://vietstock.vn/2026/06/fpt-trien-khai-esop-2026-lanh-dao-bi-han-che-chuyen-nhuong-toi-10-nam-764-1455208.htm	
17/06/2026	11:32	Nhandan	Doanh Nghiệp			Doanh nghiệp Thụy Điển củng cố cam kết dài hạn, duy trì vững chắc niềm tin vào thị trường Việt Nam	https://nhandan.vn/doanh-nghiep-thuy-dien-cung-co-cam-ket-dai-han-duy-tri-vung-chac-niem-tin-vao-thi-truong-viet-nam-post969630.html		
17/06/2026	11:32	Nhandan	Khác			Sáng 17/6, giá bạc tăng nhẹ trước cuộc họp của Cục Dự trữ Liên bang Mỹ	https://nhandan.vn/sang-176-gia-bac-tang-nhe-truoc-cuoc-hop-cua-cuc-du-tru-lien-bang-my-post969627.html		
17/06/2026	11:28	Viettimes	Kinh Tế			Công ty Tân Tạo của bà Đặng Thị Hoàng Yến chấm dứt vụ kiện dai dẳng gần 1 thập kỷ	https://viettimes.vn/cong-ty-tan-tao-cua-ba-dang-thi-hoang-yen-cham-dut-vu-kien-dai-dang-gan-1-thap-ky-post201612.html		
17/06/2026	11:25	Nhandan	Khác			Đồng Nai: Chủ đầu tư xây trái phép trả lại hơn 2,2ha “đất vàng” cho Nhà nước	https://nhandan.vn/dong-nai-chu-dau-tu-xay-trai-phep-tra-lai-hon-22ha-dat-vang-cho-nha-nuoc-post969635.html		
17/06/2026	11:22	TinNhanhCK	Chứng Khoán			200 - 300 tỷ USD vốn FDI sẽ mở đường cho những nhóm cổ phiếu nào chạy trước?	https://www.tinnhanhchungkhoan.vn/200-300-ty-usd-von-fdi-se-mo-duong-cho-nhung-nhom-co-phieu-nao-chay-truoc-post392476.html		
17/06/2026	11:21	TinNhanhCK	Chứng Khoán			5 tháng sau khủng hoảng, Đồ hộp Hạ Long (CAN) thông báo nhà máy trở lại hoạt động	https://www.tinnhanhchungkhoan.vn/5-thang-sau-khung-hoang-do-hop-ha-long-can-thong-bao-nha-may-tro-lai-hoat-dong-post392522.html		
17/06/2026	11:21	TinNhanhCK	Chứng Khoán			MBS: Tăng trưởng giữ nhịp tích cực giữa áp lực vĩ mô gia tăng	https://www.tinnhanhchungkhoan.vn/mbs-tang-truong-giu-nhip-tich-cuc-giua-ap-luc-vi-mo-gia-tang-post392495.html		
17/06/2026	11:16	Vietnambusinessinsider	Bất Động Sản			QUY HOẠCH 2040: METRO NAM SÀI GÒN	https://vietnambusinessinsider.vn/quy-hoach-2040-metro-nam-sai-gon-a53933.html		
17/06/2026	11:15	Viettimes	Chứng Khoán			Cổ phiếu SpaceX tăng phi mã đẩy vốn hóa tập đoàn vượt qua Amazon chỉ sau vài ngày lên sàn	https://viettimes.vn/co-phieu-spacex-tang-phi-ma-day-von-hoa-tap-doan-vuot-qua-amazon-chi-sau-vai-ngay-len-san-post201611.html		
17/06/2026	11:12	BaoDautu	Chứng Khoán			IPO Điện Máy Xanh chốt sổ 16h hôm nay: Cơ hội cuối mua cổ phiếu rẻ, nhận cổ tức 40%	https://baodautu.vn/ipo-dien-may-xanh-chot-so-16h-hom-nay-co-hoi-cuoi-mua-co-phieu-re-nhan-co-tuc-40-d622202.html		
17/06/2026	11:12	FireAnt	Khác			IMF cảnh báo châu Phi vẫn vật lộn với hệ lụy giá dầu tăng cao	https://fireant.vn/bai-viet/imf-canh-bao-chau-phi-van-vat-lon-voi-he-luy-gia-dau-tang-cao/40492590		
17/06/2026	11:12	FireAnt	Tài Chính-Ngân Hàng			Bộ Tài chính giao chỉ tiêu tăng trưởng cho doanh nghiệp Nhà nước theo tiêu chí nào?	https://fireant.vn/bai-viet/bo-tai-chinh-giao-chi-tieu-tang-truong-cho-doanh-nghiep-nha-nuoc-theo-tieu-chi-nao/40492385		
17/06/2026	11:12	FireAnt	Chứng Khoán	TAKE		DTG: Dược phẩm Tipharco phát hành gần 1 triệu cổ phiếu trả cổ tức	https://fireant.vn/bai-viet/dtg-duoc-pham-tipharco-phat-hanh-gan-1-trieu-co-phieu-tra-co-tuc/40492281	https://fireant.vn/bai-viet/dtg-duoc-pham-tipharco-phat-hanh-gan-1-trieu-co-phieu-tra-co-tuc/40492281	
17/06/2026	11:12	FireAnt	Tài Chính-Ngân Hàng			Ngân hàng tăng tốc số hóa dịch vụ lõi	https://fireant.vn/bai-viet/ngan-hang-tang-toc-so-hoa-dich-vu-loi/40492209		
17/06/2026	11:12	FireAnt	Doanh Nghiệp	TAKE		Chủ tịch Nguyễn Như Hoàng Tuấn bị bắt, doanh nghiệp điện lập tức có động thái mới	https://fireant.vn/bai-viet/chu-tich-nguyen-nhu-hoang-tuan-bi-bat-doanh-nghiep-dien-lap-tuc-co-dong-thai-moi/40492029	https://fireant.vn/bai-viet/chu-tich-nguyen-nhu-hoang-tuan-bi-bat-doanh-nghiep-dien-lap-tuc-co-dong-thai-moi/40492029	
17/06/2026	11:12	FireAnt	Thế Giới			Kho báu dầu mỏ’ mới của nhân loại: Thế giới sắp có hệ thống phái sinh AI đầu tiên	https://fireant.vn/bai-viet/kho-bau-dau-mo-moi-cua-nhan-loai-the-gioi-sap-co-he-thong-phai-sinh-ai-dau-tien/40491942		
17/06/2026	11:12	FireAnt	Thế Giới		TAKE	Khoảng 485 triệu lít xăng E10 được bán ra trong nửa đầu tháng 6/2026	https://fireant.vn/bai-viet/khoang-485-trieu-lit-xang-e10-duoc-ban-ra-trong-nua-dau-thang-62026/40491849		https://fireant.vn/bai-viet/khoang-485-trieu-lit-xang-e10-duoc-ban-ra-trong-nua-dau-thang-62026/40491849
17/06/2026	11:12	FireAnt	Tài Chính-Ngân Hàng			Từ 15/6, những tài khoản mở tại Agribank, Vietcombank, BIDV, VietinBank,... sau đây sẽ bị trừ tiền để nộp thuế	https://fireant.vn/bai-viet/tu-156-nhung-tai-khoan-mo-tai-agribank-vietcombank-bidv-vietinbank-sau-day-se-bi-tru-tien-de-nop-thue/40491667		
17/06/2026	11:12	FireAnt	Chứng Khoán	TAKE		HOSE công bố 68 mã cổ phiếu bị cắt margin tháng 6	https://fireant.vn/bai-viet/hose-cong-bo-68-ma-co-phieu-bi-cat-margin-thang-6/40491502	https://fireant.vn/bai-viet/hose-cong-bo-68-ma-co-phieu-bi-cat-margin-thang-6/40491502	
17/06/2026	11:12	FireAnt	Khác			Phát hiện một đại gia Việt kiếm hơn 22 tỷ mỗi giờ, có cả ngoại tệ	https://fireant.vn/bai-viet/phat-hien-mot-dai-gia-viet-kiem-hon-22-ty-moi-gio-co-ca-ngoai-te/40491398		
17/06/2026	11:12	FireAnt	Khác			Láng giềng Việt Nam phát hiện mỏ chứa 10.000 tỷ m³ khí đốt ở độ sâu 5.000 mét, rộng 10.000 km²	https://fireant.vn/bai-viet/lang-gieng-viet-nam-phat-hien-mo-chua-10000-ty-m-khi-dot-o-do-sau-5000-met-rong-10000-km/40491319		
17/06/2026	11:12	FireAnt	Khác			Án phá sản của 'đại gia' 12.000 tỷ đồng trên sàn: Nhận quyết định cuối cùng từ tòa án sau 1 thập kỷ	https://fireant.vn/bai-viet/an-pha-san-cua-dai-gia-12000-ty-dong-tren-san-nhan-quyet-dinh-cuoi-cung-tu-toa-an-sau-1-thap-ky/40491237		
17/06/2026	11:12	FireAnt	Khác	TAKE		CAN: Tái khởi động nhà máy Hải Phòng sau biến cố đầu năm	https://fireant.vn/bai-viet/can-tai-khoi-dong-nha-may-hai-phong-sau-bien-co-dau-nam/40491200	https://fireant.vn/bai-viet/can-tai-khoi-dong-nha-may-hai-phong-sau-bien-co-dau-nam/40491200	
17/06/2026	11:12	FireAnt	Khác			Người mua vàng thấp thỏm chờ một thông tin quan trọng vào ngày mai	https://fireant.vn/bai-viet/nguoi-mua-vang-thap-thom-cho-mot-thong-tin-quan-trong-vao-ngay-mai/40491114		
17/06/2026	11:12	FireAnt	Khác			Thị trường ngày 17/6: Dầu giảm sâu gần về mức trước xung đột Trung Đông, vàng tăng phiên thứ 5, cà phê bật mạnh do lo ngại El Niño	https://fireant.vn/bai-viet/thi-truong-ngay-176-dau-giam-sau-gan-ve-muc-truoc-xung-dot-trung-dong-vang-tang-phien-thu-5-ca-phe-bat-manh-do-lo-ngai-el-nio/40490901		
17/06/2026	11:12	FireAnt	Chứng Khoán			SBT: Chủ tịch AgriS Đặng Huỳnh Ức My gom thêm cổ phiếu SBT	https://fireant.vn/bai-viet/sbt-chu-tich-agris-dang-huynh-uc-my-gom-them-co-phieu-sbt/40490554		
17/06/2026	11:12	FireAnt	Khác	TAKE		SSI: Tăng vốn lên hơn 25.000 tỷ đồng sau đợt phát hành ESOP	https://fireant.vn/bai-viet/ssi-tang-von-len-hon-25000-ty-dong-sau-dot-phat-hanh-esop/40490454	https://fireant.vn/bai-viet/ssi-tang-von-len-hon-25000-ty-dong-sau-dot-phat-hanh-esop/40490454	
17/06/2026	11:12	FireAnt	Thế Giới	TAKE		PGB: Tăng vốn điều lệ vượt 7.300 tỷ đồng sau đợt trả cổ tức	https://fireant.vn/bai-viet/pgb-tang-von-dieu-le-vuot-7300-ty-dong-sau-dot-tra-co-tuc/40490364	https://fireant.vn/bai-viet/pgb-tang-von-dieu-le-vuot-7300-ty-dong-sau-dot-tra-co-tuc/40490364	
17/06/2026	11:12	FireAnt	Tài Chính-Ngân Hàng	TAKE		FTS: FPTS muốn vay ngân hàng hạn mức 2.000 tỷ đồng để làm gì?	https://fireant.vn/bai-viet/fts-fpts-muon-vay-ngan-hang-han-muc-2000-ty-dong-de-lam-gi/40490294	https://fireant.vn/bai-viet/fts-fpts-muon-vay-ngan-hang-han-muc-2000-ty-dong-de-lam-gi/40490294	
17/06/2026	11:12	FireAnt	Thế Giới			Ông Trump muốn Iran làm ngay một điều	https://fireant.vn/bai-viet/ong-trump-muon-iran-lam-ngay-mot-dieu/40490049		
17/06/2026	11:11	Vneconomy	Bất Động Sản			Hơn 64,42 triệu thửa đất đã được xây dựng dữ liệu, đạt 63% kế hoạch	https://vneconomy.vn/hon-6442-trieu-thua-dat-da-duoc-xay-dung-du-lieu-dat-63-ke-hoach.htm		
17/06/2026	11:10	Nhandan	Thế Giới			Đoàn đại biểu dự Đại hội Phụ nữ toàn quốc lần thứ XIV vào Lăng viếng Chủ tịch Hồ Chí Minh	https://nhandan.vn/doan-dai-bieu-du-dai-hoi-phu-nu-toan-quoc-lan-thu-xiv-vao-lang-vieng-chu-tich-ho-chi-minh-post969631.html		
17/06/2026	11:10	Nhandan	Khác			Khẳng định vai trò, vị thế của phụ nữ Việt Nam trong công cuộc xây dựng và bảo vệ Tổ quốc	https://nhandan.vn/khang-dinh-vai-tro-vi-the-cua-phu-nu-viet-nam-trong-cong-cuoc-xay-dung-va-bao-ve-to-quoc-post969643.html		
17/06/2026	11:10	TinNhanhCK	Chứng Khoán			Niềm tin thị trường là nền tảng mở rộng các kênh dẫn vốn	https://www.tinnhanhchungkhoan.vn/niem-tin-thi-truong-la-nen-tang-mo-rong-cac-kenh-dan-von-post392306.html		
17/06/2026	11:09	Vneconomy	Thế Giới			Các dự án trạm dừng nghỉ cao tốc Bắc – Nam nếu chậm tiến độ sẽ bị xem xét thu hồi	https://vneconomy.vn/cac-du-an-tram-dung-nghi-cao-toc-bac-nam-neu-cham-tien-do-se-bi-xem-xet-thu-hoi.htm		
17/06/2026	11:08	Nhandan	Khác			Bàn giao 1.200 tấn gạo do Việt Nam sản xuất cho Cuba	https://nhandan.vn/ban-giao-1200-tan-gao-do-viet-nam-san-xuat-cho-cuba-post969639.html		
17/06/2026	11:07	Vneconomy	Khác			Lần đầu tiên hàng không Việt Nam có đường bay thẳng tới Hà Lan	https://vneconomy.vn/lan-dau-tien-hang-khong-viet-nam-co-duong-bay-thang-toi-ha-lan.htm		
17/06/2026	11:05	Baochinhphu	Khác			Khi nào được hưởng BHYT theo diện cựu chiến binh?	https://baochinhphu.vn/khi-nao-duoc-huong-bhyt-theo-dien-cuu-chien-binh-102260617110826933.htm		
17/06/2026	11:05	Vietstock	Doanh Nghiệp	TAKE		AAT chi 220 tỷ mua lại vốn góp của Chủ tịch Trịnh Xuân Lâm ở công ty khác	http://vietstock.vn/2026/06/aat-chi-220-ty-mua-lai-von-gop-cua-chu-tich-trinh-xuan-lam-o-cong-ty-khac-764-1455195.htm	http://vietstock.vn/2026/06/aat-chi-220-ty-mua-lai-von-gop-cua-chu-tich-trinh-xuan-lam-o-cong-ty-khac-764-1455195.htm	
17/06/2026	11:02	Vietstock	Doanh Nghiệp			CEO Đoàn Văn Hiểu Em: 55% thị phần là đỉnh cao, nhưng Điện Máy Xanh sẽ không dừng lại làm “người giữ chùa”	http://vietstock.vn/2026/06/ceo-doan-van-hieu-em-55-thi-phan-la-dinh-cao-nhung-dien-may-xanh-se-khong-dung-lai-lam-nguoi-giu-chua-737-1454620.htm		
17/06/2026	11:01	TinNhanhCK	Chứng Khoán			Hãng hàng không phải bố trí ăn nghỉ hoặc hoàn trả tiền cho khách khi chậm, hủy chuyến	https://www.tinnhanhchungkhoan.vn/hang-hang-khong-phai-bo-tri-an-nghi-hoac-hoan-tra-tien-cho-khach-khi-cham-huy-chuyen-post392526.html		
17/06/2026	10:43	TinNhanhCK	Chứng Khoán			Giới đầu tư Phố Wall dịch chuyển dòng tiền	https://www.tinnhanhchungkhoan.vn/gioi-dau-tu-pho-wall-dich-chuyen-dong-tien-post392509.html		
17/06/2026	10:41	TinNhanhCK	Chứng Khoán			Giá vàng hôm nay ngày 17/6: Vàng tiếp tục tăng	https://www.tinnhanhchungkhoan.vn/gia-vang-hom-nay-ngay-176-vang-tiep-tuc-tang-post392524.html		
17/06/2026	10:39	Vneconomy	Chứng Khoán		TAKE	Đồng yên vẫn yếu dù BOJ nâng lãi suất	https://vneconomy.vn/dong-yen-van-yeu-du-boj-nang-lai-suat.htm		https://vneconomy.vn/dong-yen-van-yeu-du-boj-nang-lai-suat.htm
17/06/2026	10:37	Nhandan	Khác			Tàu chuyên tuyến Tô Châu-Việt Nam giảm 10% chi phí logistics	https://nhandan.vn/tau-chuyen-tuyen-to-chau-viet-nam-giam-10-chi-phi-logistics-post969574.html		
17/06/2026	10:37	TinNhanhCK	Chứng Khoán			Phiên giao dịch sáng 17/6: Nhóm Vingroup gây áp lực, VN-Index mất gần 18 điểm	https://www.tinnhanhchungkhoan.vn/phien-giao-dich-sang-176-nhom-vingroup-gay-ap-luc-vn-index-mat-gan-18-diem-post392523.html		
17/06/2026	10:35	Nhandan	Khác			Kỳ 1: Giành độc lập cho dân tộc - tạo dựng nền tảng cho hạnh phúc của nhân dân	https://nhandan.vn/ky-1-gianh-doc-lap-cho-dan-toc-tao-dung-nen-tang-cho-hanh-phuc-cua-nhan-dan-post969590.html		
17/06/2026	10:35	BaoDautu	Khác			Bộ Công an cảnh báo vi phạm pháp luật về thuế	https://baodautu.vn/bo-cong-an-canh-bao-vi-pham-phap-luat-ve-thue-d622150.html		
17/06/2026	10:28	Nhandan	Khác			Hơn 30 cán bộ chiến sĩ khống chế thành công vụ cháy tại chợ Mỹ Đình	https://nhandan.vn/hon-30-can-bo-chien-si-khong-che-thanh-cong-vu-chay-tai-cho-my-dinh-post969636.html		
17/06/2026	10:18	Vneconomy	Thế Giới			Thủ tướng yêu cầu TP. Hồ Chí Minh tăng tốc các dự án trọng điểm, tạo động lực tăng trưởng	https://vneconomy.vn/thu-tuong-yeu-cau-tp-ho-chi-minh-tang-toc-cac-du-an-trong-diem-tao-dong-luc-tang-truong.htm		
17/06/2026	10:15	Vietnambusinessinsider	Bất Động Sản			Sau 7 năm im ắng, Palm City tái khởi động với loạt dự án mới tại Nam Rạch Chiếc	https://vietnambusinessinsider.vn/sau-7-nam-im-ang-palm-city-tai-khoi-dong-voi-loat-du-an-moi-tai-nam-rach-chiec-a53931.html		
17/06/2026	10:12	BaoDautu	Khác			VPBank tăng 10 bậc trên bảng xếp hạng Fortune Southeast Asia 500	https://baodautu.vn/vpbank-tang-10-bac-tren-bang-xep-hang-fortune-southeast-asia-500-d622121.html		
17/06/2026	10:12	FireAnt	Khác			Thị trường dầu mỏ đặt cược rằng ông Trump sẽ “xuống nước” với Iran. Và họ đã thắng	https://fireant.vn/bai-viet/thi-truong-dau-mo-dat-cuoc-rang-ong-trump-se-xuong-nuoc-voi-iran-va-ho-da-thang/40489970		
17/06/2026	10:12	FireAnt	Doanh Nghiệp	TAKE		TNG: Dệt may TNG vượt mốc doanh thu 1.000 tỷ đồng trong tháng 5	https://fireant.vn/bai-viet/tng-det-may-tng-vuot-moc-doanh-thu-1000-ty-dong-trong-thang-5/40489298	https://fireant.vn/bai-viet/tng-det-may-tng-vuot-moc-doanh-thu-1000-ty-dong-trong-thang-5/40489298	
17/06/2026	10:12	FireAnt	Chứng Khoán			Đà phục hồi của chứng khoán đang được củng cố	https://fireant.vn/bai-viet/da-phuc-hoi-cua-chung-khoan-dang-duoc-cung-co/40488873		
17/06/2026	10:12	FireAnt	Khác			Từ việc rút khỏi JCPOA đến thỏa thuận năm 2026: Điểm lại các sự kiện trong quan hệ Mỹ - Iran 8 năm qua	https://fireant.vn/bai-viet/tu-viec-rut-khoi-jcpoa-den-thoa-thuan-nam-2026-diem-lai-cac-su-kien-trong-quan-he-my---iran-8-nam-qua/40488663		
17/06/2026	10:12	FireAnt	Doanh Nghiệp			Cựu Chủ tịch doanh nghiệp tố giác cấp dưới, phát hiện sai phạm thoái vốn Nhà nước hơn chục tỷ đồng	https://fireant.vn/bai-viet/cuu-chu-tich-doanh-nghiep-to-giac-cap-duoi-phat-hien-sai-pham-thoai-von-nha-nuoc-hon-chuc-ty-dong/40488533		
17/06/2026	10:11	BaoDautu	Khác			Đặc quyền “ẩn mình giữa phồn hoa” của giới tinh hoa khi chọn Lagoonia Emerald Cove	https://baodautu.vn/dac-quyen-an-minh-giua-phon-hoa-cua-gioi-tinh-hoa-khi-chon-lagoonia-emerald-cove-d622130.html		
17/06/2026	10:10	BaoDautu	Khác			Cập nhật giá đơn vị Quỹ liên kết đơn vị của AIA Việt Nam ngày 17/6/2026	https://baodautu.vn/cap-nhat-gia-don-vi-quy-lien-ket-don-vi-cua-aia-viet-nam-ngay-1762026-d622136.html		
17/06/2026	10:08	Vneconomy	Chứng Khoán			Ba kịch bản mới nhất cho giá dầu theo thỏa thuận hòa bình Mỹ - Iran	https://vneconomy.vn/ba-kich-ban-moi-nhat-cho-gia-dau-theo-thoa-thuan-hoa-binh-my-iran.htm		
17/06/2026	10:07	BaoDautu	Thế Giới			Thái Nguyên “mở đại công trường” nhà ở xã hội, mục tiêu 60.000 căn đến năm 2030	https://baodautu.vn/thai-nguyen-mo-dai-cong-truong-nha-o-xa-hoi-muc-tieu-60000-can-den-nam-2030-d622122.html		
17/06/2026	10:04	Baochinhphu	Khác			Ưu đãi tiền sử dụng đất cho người hoạt động kháng chiến bị nhiễm chất độc hóa học	https://baochinhphu.vn/uu-dai-tien-su-dung-dat-cho-nguoi-hoat-dong-khang-chien-bi-nhiem-chat-doc-hoa-hoc-102260617094348221.htm		
17/06/2026	10:03	Vietnambusinessinsider	Tài Chính-Ngân Hàng			Vàng vừa giảm 25% từ đỉnh. Vậy tại sao các ngân hàng trung ương vẫn đang mua mạnh hơn bao giờ hết?	https://vietnambusinessinsider.vn/vang-vua-giam-25-tu-dinh-vay-tai-sao-cac-ngan-hang-trung-uong-van-dang-mua-manh-hon-bao-gio-het-a53929.html		
17/06/2026	10:03	Vietnambusinessinsider	Thế Giới			CII “bẻ lái” hơn 1.000 tỷ đồng trái phiếu: Từ kế hoạch trả nợ sang bơm vốn cho tham vọng hạ tầng PPP	https://vietnambusinessinsider.vn/cii-be-lai-hon-1000-ty-dong-trai-phieu-tu-ke-hoach-tra-no-sang-bom-von-cho-tham-vong-ha-tang-ppp-a53927.html		
17/06/2026	10:03	Vietnambusinessinsider	Thế Giới			Câu chuyện thép của Ấn Độ đang thu hút sự chú ý của cả thế giới	https://vietnambusinessinsider.vn/cau-chuyen-thep-cua-an-do-dang-thu-hut-su-chu-y-cua-ca-the-gioi-a53923.html		
17/06/2026	10:03	Vietnambusinessinsider	Khác			Tham dự Workshop miễn phí: Product Design Thinking: Trải nghiệm, Hệ thống và AI	https://vietnambusinessinsider.vn/tham-du-workshop-mien-phi-product-design-thinking-trai-nghiem-he-thong-va-ai-a53924.html		
17/06/2026	10:02	Vietnambusinessinsider	Khác			Đại gia Xuân Trường và ‘bom tấn’ Hồ Núi Cốc: Dự án 15.000 tỷ từng gây chú ý nay chính thức dừng hoạt động	https://vietnambusinessinsider.vn/dai-gia-xuan-truong-va-bom-tan-ho-nui-coc-du-an-15000-ty-tung-gay-chu-y-nay-chinh-thuc-dung-hoat-dong-a53928.html		
17/06/2026	10:00	Vietstock	Bất Động Sản			Nhà trong ngõ bất ngờ thành mặt phố nhờ Vành đai 2,5, giá rao bán tới 500 triệu/m2	http://vietstock.vn/2026/06/nha-trong-ngo-bat-ngo-thanh-mat-pho-nho-vanh-dai-25-gia-rao-ban-toi-500-trieum2-4220-1455200.htm		
17/06/2026	9:57	TinNhanhCK	Chứng Khoán			Hạ tầng xanh vẽ lại bản đồ xe điện Việt Nam	https://www.tinnhanhchungkhoan.vn/ha-tang-xanh-ve-lai-ban-do-xe-dien-viet-nam-post392382.html		
17/06/2026	9:57	TinNhanhCK	Chứng Khoán			Thủ tướng Lê Minh Hưng đến Kazan dự Hội nghị Cấp cao kỷ niệm 35 năm quan hệ ASEAN-Nga	https://www.tinnhanhchungkhoan.vn/thu-tuong-le-minh-hung-den-kazan-du-hoi-nghi-cap-cao-ky-niem-35-nam-quan-he-asean-nga-post392521.html		
17/06/2026	9:56	Vietstock	Doanh Nghiệp			Sáu “chiếc mũ” đang định hình vai trò của chuyên gia Quan hệ Nhà đầu tư (IR)	http://vietstock.vn/2026/06/sau-chiec-mu-dang-dinh-hinh-vai-tro-cua-chuyen-gia-quan-he-nha-dau-tu-ir-737-1454046.htm		
17/06/2026	9:54	TinNhanhCK	Chứng Khoán			Thủ tướng Chính phủ Lê Minh Hưng gặp Người đứng đầu Cộng hoà Tatarstan	https://www.tinnhanhchungkhoan.vn/thu-tuong-chinh-phu-le-minh-hung-gap-nguoi-dung-dau-cong-hoa-tatarstan-post392520.html		
17/06/2026	9:50	Vietstock	Doanh Nghiệp			Tập đoàn Bảo Việt (BVH) tiếp tục được vinh danh trong danh sách Fortune 500 Đông Nam Á	http://vietstock.vn/2026/06/tap-doan-bao-viet-bvh-tiep-tuc-duoc-vinh-danh-trong-danh-sach-fortune-500-dong-nam-a-737-1455153.htm		
17/06/2026	9:50	BaoDautu	Thế Giới			Yêu cầu bảo đảm tiến độ dự án đường sắt Lào Cai - Hà Nội - Hải Phòng	https://baodautu.vn/yeu-cau-bao-dam-tien-do-du-an-duong-sat-lao-cai---ha-noi---hai-phong-d622120.html		
17/06/2026	9:49	Vietstock	Bất Động Sản			Hàng hiếm xuất hiện, Hà Nội mở bán loạt căn hộ chung cư chưa đến 1 tỷ đồng	http://vietstock.vn/2026/06/hang-hiem-xuat-hien-ha-noi-mo-ban-loat-can-ho-chung-cu-chua-den-1-ty-dong-4222-1455194.htm		
17/06/2026	9:48	Nhandan	Thế Giới			Đẩy nhanh tiến độ tuyến đường sắt đô thị số 5 Hà Nội, điều chỉnh rào chắn đường Văn Cao	https://nhandan.vn/day-nhanh-tien-do-tuyen-duong-sat-do-thi-so-5-ha-noi-dieu-chinh-rao-chan-duong-van-cao-post969621.html		
17/06/2026	9:47	BaoDautu	Kinh Tế			Quảng Ninh mở thêm dư địa tăng trưởng cho Khu kinh tế cửa khẩu Móng Cái	https://baodautu.vn/quang-ninh-mo-them-du-dia-tang-truong-cho-khu-kinh-te-cua-khau-mong-cai-d621951.html		
17/06/2026	9:44	Vietstock	Tài Chính-Ngân Hàng			Hộ kinh doanh phải tự khai tự nộp thuế: 7 việc bắt buộc cần làm ngay	http://vietstock.vn/2026/06/ho-kinh-doanh-phai-tu-khai-tu-nop-thue-7-viec-bat-buoc-can-lam-ngay-758-1455193.htm		
17/06/2026	9:41	Vneconomy	Doanh Nghiệp			Cần hơn 11 năm để đưa một hoạt chất bảo vệ thực vật mới ra thị trường	https://vneconomy.vn/can-hon-11-nam-de-dua-mot-hoat-chat-bao-ve-thuc-vat-moi-ra-thi-truong.htm		
17/06/2026	9:41	Vneconomy	Doanh Nghiệp			Hội Doanh nhân Tư nhân Việt Nam có Quyền Chủ tịch mới	https://vneconomy.vn/hoi-doanh-nhan-tu-nhan-viet-nam-co-quyen-chu-tich-moi.htm		
17/06/2026	9:41	Vietstock	Tài Chính-Ngân Hàng			SCB thanh lý toàn bộ tài sản tại 11 chi nhánh trên cả nước	http://vietstock.vn/2026/06/scb-thanh-ly-toan-bo-tai-san-tai-11-chi-nhanh-tren-ca-nuoc-757-1455191.htm		
17/06/2026	9:39	Vietstock	Doanh Nghiệp			Lên kế hoạch lợi nhuận giảm 54%, BTH sẽ “sống” bằng gì sau Hoàng Thành Pearl?	http://vietstock.vn/2026/06/len-ke-hoach-loi-nhuan-giam-54-bth-se-song-bang-gi-sau-hoang-thanh-pearl-737-1454564.htm		
17/06/2026	9:39	TinNhanhCK	Chứng Khoán			Gia Lai gỡ vướng mắc về mặt bằng, thủ tục tại 6 dự án bất động sản nghìn tỷ	https://www.tinnhanhchungkhoan.vn/gia-lai-go-vuong-mac-ve-mat-bang-thu-tuc-tai-6-du-an-bat-dong-san-nghin-ty-post392518.html		
17/06/2026	9:39	BaoDautu	Chứng Khoán			Nghị quyết 10-NQ/TW: Thêm động lực cho dòng vốn ngoại vào thị trường chứng khoán	https://baodautu.vn/nghi-quyet-10-nqtw-them-dong-luc-cho-dong-von-ngoai-vao-thi-truong-chung-khoan-d622101.html		
17/06/2026	9:37	TinNhanhCK	Chứng Khoán			Cầu cạn và lời giải cho 700 km cao tốc Đồng bằng sông Cửu Long	https://www.tinnhanhchungkhoan.vn/cau-can-va-loi-giai-cho-700-km-cao-toc-dong-bang-song-cuu-long-post392516.html		
17/06/2026	9:36	TinNhanhCK	Chứng Khoán			Lập Hội đồng thẩm định nhà nước Dự án Vành đai 5 - Vùng Thủ đô Hà Nội	https://www.tinnhanhchungkhoan.vn/lap-hoi-dong-tham-dinh-nha-nuoc-du-an-vanh-dai-5-vung-thu-do-ha-noi-post392515.html		
17/06/2026	9:35	Viettimes	Kinh Tế			Tăng 5 ngày liên tiếp, giá vàng hôm nay vượt mốc 151 triệu đồng/lượng	https://viettimes.vn/tang-5-ngay-lien-tiep-gia-vang-hom-nay-vuot-moc-151-trieu-dongluong-post201607.html		
17/06/2026	9:35	Vneconomy	Khác			Ngành phân bón hướng tới tự chủ, xanh và bền vững	https://vneconomy.vn/nganh-phan-bon-huong-toi-tu-chu-xanh-va-ben-vung.htm		
17/06/2026	9:35	TinNhanhCK	Chứng Khoán			Bất động sản du lịch 2026: Cuộc săn tìm “kênh lưu trú dòng tiền” bắt đầu	https://www.tinnhanhchungkhoan.vn/bat-dong-san-du-lich-2026-cuoc-san-tim-kenh-luu-tru-dong-tien-bat-dau-post392519.html		
17/06/2026	9:32	BaoDautu	Bất Động Sản			Bất động sản du lịch 2026: Cuộc săn tìm “kênh lưu trú dòng tiền” bắt đầu	https://baodautu.vn/bat-dong-san-du-lich-2026-cuoc-san-tim-kenh-luu-tru-dong-tien-bat-dau-d622100.html		
17/06/2026	9:28	TinNhanhCK	Chứng Khoán			Khơi thông tín dụng cho SME từ đánh giá dòng tiền	https://www.tinnhanhchungkhoan.vn/khoi-thong-tin-dung-cho-sme-tu-danh-gia-dong-tien-post392105.html		
17/06/2026	9:22	BaoDautu	Khác			Nhà đầu tư, nhà thầu cần biết các quy định mới về chi phí đầu tư xây dựng	https://baodautu.vn/nha-dau-tu-nha-thau-can-biet-cac-quy-dinh-moi-ve-chi-phi-dau-tu-xay-dung-d622096.html		
17/06/2026	9:20	Vneconomy	Khác			Chậm chuyến từ 4 giờ trở lên, hãng hàng không phải hoàn vé và bồi thường cho hành khách	https://vneconomy.vn/cham-chuyen-tu-4-gio-tro-len-hang-hang-khong-phai-hoan-ve-va-boi-thuong-cho-hanh-khach.htm		
17/06/2026	9:18	Baochinhphu	Khác			Từ hôm nay 17/6, thí sinh bắt đầu thực hành đăng ký nguyện vọng xét tuyển đại học	https://baochinhphu.vn/tu-hom-nay-17-6-thi-sinh-bat-dau-thuc-hanh-dang-ky-nguyen-vong-xet-tuyen-dai-hoc-102260617091441744.htm		
17/06/2026	9:14	Vneconomy	Chứng Khoán			Thứ trưởng Nguyễn Đức Chi: Sửa Luật chứng khoán đáp ứng yêu cầu nâng hạng thị trường	https://vneconomy.vn/thu-truong-nguyen-duc-chi-sua-luat-chung-khoan-dap-ung-yeu-cau-nang-hang-thi-truong.htm		
17/06/2026	9:12	Vneconomy	Chứng Khoán			Vốn hóa SpaceX có lúc vượt cả Microsoft và Amazon	https://vneconomy.vn/von-hoa-spacex-co-luc-vuot-ca-microsoft-va-amazon.htm		
17/06/2026	9:12	Vneconomy	Bất Động Sản			Dự án mở rộng cao tốc Cam Lộ - La Sơn chậm tiến độ	https://vneconomy.vn/du-an-mo-rong-cao-toc-cam-lo-la-son-cham-tien-do.htm		
17/06/2026	9:12	Vneconomy	Doanh Nghiệp			Doanh nghiệp khai thác cảng hàng không phải đáp ứng hàng loạt tiêu chuẩn an toàn, an ninh mới	https://vneconomy.vn/doanh-nghiep-khai-thac-cang-hang-khong-phai-dap-ung-hang-loat-tieu-chuan-an-toan-an-ninh-moi.htm		
17/06/2026	9:12	FireAnt	Khác			Quy định mới về bồi thường cho hành khách khi chuyến bay bị chậm	https://fireant.vn/bai-viet/quy-dinh-moi-ve-boi-thuong-cho-hanh-khach-khi-chuyen-bay-bi-cham/40489381		
17/06/2026	9:09	Vietstock	Doanh Nghiệp			Thế nào là một “bom tấn” IPO?	http://vietstock.vn/2026/06/the-nao-la-mot-bom-tan-ipo-746-1455143.htm		
17/06/2026	9:03	Baochinhphu	Khác			Có được lập chung hóa đơn cho hàng hóa giảm và không giảm thuế?	https://baochinhphu.vn/co-duoc-lap-chung-hoa-don-cho-hang-hoa-giam-va-khong-giam-thue-10226061608335341.htm		
17/06/2026	9:02	BaoDautu	Khác			Áp thuế chính thức với kính nổi không màu nhập từ Indonesia, Malaysia	https://baodautu.vn/ap-thue-chinh-thuc-voi-kinh-noi-khong-mau-nhap-tu-indonesia-malaysia-d622074.html		
17/06/2026	9:00	Nhandan	Khác			Madame Nguyễn Thị Nga được giao giữ chức Quyền Chủ tịch Hội Doanh nhân Tư nhân Việt Nam	https://nhandan.vn/madame-nguyen-thi-nga-duoc-giao-giu-chuc-quyen-chu-tich-hoi-doanh-nhan-tu-nhan-viet-nam-post969522.html		
17/06/2026	8:58	Nhandan	Khác			Ngăn ngừa dịch lở mồm long móng lan rộng	https://nhandan.vn/ngan-ngua-dich-lo-mom-long-mong-lan-rong-post969598.html		
17/06/2026	8:57	Nhandan	Thế Giới			Hà Nội điều chỉnh tổ chức giao thông đường La Thành phục vụ thi công Vành đai 1	https://nhandan.vn/ha-noi-dieu-chinh-to-chuc-giao-thong-duong-la-thanh-phuc-vu-thi-cong-vanh-dai-1-post969619.html		
17/06/2026	8:56	Vietstock	Doanh Nghiệp			Gỡ ‘vòng kim cô’ sợ sai, khơi thông sức mạnh doanh nghiệp nhà nước	http://vietstock.vn/2026/06/go-8216vong-kim-co8217-so-sai-khoi-thong-suc-manh-doanh-nghiep-nha-nuoc-768-1455154.htm		
17/06/2026	8:52	BaoDautu	Khác			Giá vàng tăng nhẹ, khả năng vẫn "kẹt" trong vùng tích lũy	https://baodautu.vn/gia-vang-tang-nhe-kha-nang-van-ket-trong-vung-tich-luy-d622075.html		
17/06/2026	8:49	Baochinhphu	Khác			Phát huy vai trò của MTTQ trong hoạt động giám sát và phản biện xã hội	https://baochinhphu.vn/phat-huy-vai-tro-cua-mttq-trong-hoat-dong-giam-sat-va-phan-bien-xa-hoi-102260617081940251.htm		
17/06/2026	8:47	Vneconomy	Doanh Nghiệp			Sun PhuQuoc Ariways chính thức khai thác đường bay TP.HCM – Vân Đồn	https://vneconomy.vn/sun-phuquoc-ariways-chinh-thuc-khai-thac-duong-bay-tphcm-van-don.htm		
17/06/2026	8:47	Vietstock	Bất Động Sản			Loạt 'ông lớn' BĐS đăng ký, khi nào TPHCM có nhà ở cho thuê?	http://vietstock.vn/2026/06/loat-ong-lon-bds-dang-ky-khi-nao-tphcm-co-nha-o-cho-thue-4220-1455146.htm		
17/06/2026	8:40	Nhandan	Kinh Tế			Viết tiếp khúc quân hành trên mặt trận kinh tế	https://nhandan.vn/viet-tiep-khuc-quan-hanh-tren-mat-tran-kinh-te-post969595.html		
17/06/2026	8:37	Vietstock	Tài Chính-Ngân Hàng			Chấn chỉnh việc tăng lãi suất huy động	http://vietstock.vn/2026/06/chan-chinh-viec-tang-lai-suat-huy-dong-757-1455148.htm		
17/06/2026	8:32	BaoDautu	Bất Động Sản			Gia Lai gỡ vướng mắc về mặt bằng, thủ tục tại 6 dự án bất động sản nghìn tỷ	https://baodautu.vn/gia-lai-go-vuong-mac-ve-mat-bang-thu-tuc-tai-6-du-an-bat-dong-san-nghin-ty-d621665.html		
17/06/2026	8:24	Nhandan	Khác			Tăng trưởng xuất khẩu nông sản sang Ấn Độ	https://nhandan.vn/tang-truong-xuat-khau-nong-san-sang-an-do-post969612.html		
17/06/2026	8:22	Vietstock	Kinh Tế			Động lực tăng trưởng và nghịch lý tài khóa	http://vietstock.vn/2026/06/dong-luc-tang-truong-va-nghich-ly-tai-khoa-761-1455145.htm		
17/06/2026	8:22	Nhandan	Khác			Vinh danh 42 tác phẩm xuất sắc tại Giải Báo chí Nguyễn An Ninh năm 2026	https://nhandan.vn/vinh-danh-42-tac-pham-xuat-sac-tai-giai-bao-chi-nguyen-an-ninh-nam-2026-post969615.html		
17/06/2026	8:19	Vietstock	Tài Chính-Ngân Hàng			Ngân hàng làm trung gian vốn như thế nào? - Phần 1: Phân biệt hai loại tiết kiệm	http://vietstock.vn/2026/06/ngan-hang-lam-trung-gian-von-nhu-the-nao-phan-1-phan-biet-hai-loai-tiet-kiem-757-1455144.htm		
17/06/2026	8:18	BaoDautu	Khác			Cầu cạn và lời giải cho 700 km cao tốc Đồng bằng sông Cửu Long	https://baodautu.vn/cau-can-va-loi-giai-cho-700-km-cao-toc-dong-bang-song-cuu-long-d615582.html		
17/06/2026	8:17	Vietstock	Kinh Tế			Không đánh đổi an toàn kỹ thuật để chạy tiến độ đường sắt Lào Cai - Hải Phòng	http://vietstock.vn/2026/06/khong-danh-doi-an-toan-ky-thuat-de-chay-tien-do-duong-sat-lao-cai-hai-phong-768-1455138.htm		
17/06/2026	8:15	Nhandan	Thế Giới			[Video] Nêu cao vai trò cán bộ cơ sở	https://nhandan.vn/video-neu-cao-vai-tro-can-bo-co-so-post969396.html		
17/06/2026	8:10	Baochinhphu	Khác			Cần hành động mạnh mẽ để ngăn chặn tình trạng suy thoái đất	https://baochinhphu.vn/can-hanh-dong-manh-me-de-ngan-chan-tinh-trang-suy-thoai-dat-102260617081800218.htm		
17/06/2026	8:05	Vneconomy	Chứng Khoán			Dow Jones cao chưa từng thấy, giá dầu “bốc hơi” gần 6%	https://vneconomy.vn/dow-jones-cao-chua-tung-thay-gia-dau-boc-hoi-gan-6.htm		
17/06/2026	8:02	Baochinhphu	Khác			Phương thức chi trả tiền hỗ trợ chi phí học tập	https://baochinhphu.vn/phuong-thuc-chi-tra-tien-ho-tro-chi-phi-hoc-tap-10226061516100856.htm		
17/06/2026	8:02	BaoDautu	Khác			Điện mặt trời mái nhà và BESS: Lời giải khả thi cho nguồn điện tại chỗ	https://baodautu.vn/dien-mat-troi-mai-nha-va-bess-loi-giai-kha-thi-cho-nguon-dien-tai-cho-d621761.html		
17/06/2026	8:00	Vneconomy	Tài Chính-Ngân Hàng			MB đạt Top 1 thương hiệu ngân hàng và sản phẩm vay cấp vốn dành cho khách hàng ưu tiên	https://vneconomy.vn/mb-dat-top-1-thuong-hieu-ngan-hang-va-san-pham-vay-cap-von-danh-cho-khach-hang-uu-tien.htm		
17/06/2026	8:00	TinNhanhCK	Chứng Khoán			Công ty Cổ phần Chứng khoán TP.HCM (HSC) thông báo về việc chào bán 16 mã chứng quyền có bảo đảm (kỳ 3)	https://www.tinnhanhchungkhoan.vn/cong-ty-co-phan-chung-khoan-tphcm-hsc-thong-bao-ve-viec-chao-ban-16-ma-chung-quyen-co-bao-dam-ky-3-post392435.html		
17/06/2026	8:00	TinNhanhCK	Chứng Khoán			Chứng khoán HSC (HCM) thông báo về việc tạm dừng thực hiện Thông báo phát hành đối với Chứng quyền STB-HSC-6M-2001 và Chứng quyền STB-HSC-9M-2002 ngày 15/06/2026 (Kỳ 2)	https://www.tinnhanhchungkhoan.vn/chung-khoan-hsc-hcm-thong-bao-ve-viec-tam-dung-thuc-hien-thong-bao-phat-hanh-doi-voi-chung-quyen-stb-hsc-6m-2001-va-chung-quyen-stb-hsc-9m-2002-ngay-15062026-ky-2-post392497.html		
17/06/2026	8:00	BaoDautu	Khác			Lập Hội đồng thẩm định nhà nước Dự án Vành đai 5 - Vùng Thủ đô Hà Nội	https://baodautu.vn/lap-hoi-dong-tham-dinh-nha-nuoc-du-an-vanh-dai-5---vung-thu-do-ha-noi-d621953.html		
17/06/2026	7:59	BaoDautu	Thế Giới			Eden Residences: Dấu ấn sống tinh hoa giữa cộng đồng tiêu chuẩn quốc tế Ciputra Hanoi	https://baodautu.vn/eden-residences-dau-an-song-tinh-hoa-giua-cong-dong-tieu-chuan-quoc-te-ciputra-hanoi-d621996.html		
17/06/2026	7:58	TinNhanhCK	Chứng Khoán			Huế hoàn thành Khu tái định cư đường sắt cao tốc Bắc-Nam đầu tiên	https://www.tinnhanhchungkhoan.vn/hue-hoan-thanh-khu-tai-dinh-cu-duong-sat-cao-toc-bac-nam-dau-tien-post392512.html		
17/06/2026	7:57	TinNhanhCK	Chứng Khoán			Gia Lai tạm ứng 300 tỷ đồng để phục vụ giải phóng mặt bằng dự án cao tốc	https://www.tinnhanhchungkhoan.vn/gia-lai-tam-ung-300-ty-dong-de-phuc-vu-giai-phong-mat-bang-du-an-cao-toc-post392511.html		
17/06/2026	7:56	TinNhanhCK	Chứng Khoán			Khu Thương mại tự do Đà Nẵng áp dụng nhiều chính sách ưu đãi về đất đai	https://www.tinnhanhchungkhoan.vn/khu-thuong-mai-tu-do-da-nang-ap-dung-nhieu-chinh-sach-uu-dai-ve-dat-dai-post392514.html		
17/06/2026	7:55	TinNhanhCK	Chứng Khoán			Hải Phòng chuẩn bị tổ chức các sự kiện quan trọng về phát triển kinh tế - xã hội	https://www.tinnhanhchungkhoan.vn/hai-phong-chuan-bi-to-chuc-cac-su-kien-quan-trong-ve-phat-trien-kinh-te-xa-hoi-post392510.html		
17/06/2026	7:49	Nhandan	Khác			Hoạt động của lãnh đạo Đảng, Nhà nước ngày 16/6	https://nhandan.vn/hoat-dong-cua-lanh-dao-dang-nha-nuoc-ngay-166-post969599.html		
17/06/2026	7:38	Vneconomy	Khác			Nghệ An đối thoại với nông dân, tháo gỡ điểm nghẽn trong sản xuất nông nghiệp	https://vneconomy.vn/nghe-an-doi-thoai-voi-nong-dan-thao-go-diem-nghen-trong-san-xuat-nong-nghiep.htm		
17/06/2026	7:38	Vneconomy	Thế Giới			Sử dụng điện hiệu quả: Giải pháp chiến lược hóa giải áp lực phụ tải tăng cao	https://vneconomy.vn/su-dung-dien-hieu-qua-giai-phap-chien-luoc-hoa-giai-ap-luc-phu-tai-tang-cao.htm		
17/06/2026	7:37	Vneconomy	Chứng Khoán			VN-Index hồi phục hướng tới 1840 điểm	https://vneconomy.vn/vn-index-hoi-phuc-huong-toi-1840-diem.htm		
17/06/2026	7:37	Vietstock	Tài Chính-Ngân Hàng			Đề xuất cắt giảm thủ tục đăng ký tài sản bảo đảm	http://vietstock.vn/2026/06/de-xuat-cat-giam-thu-tuc-dang-ky-tai-san-bao-dam-758-1455135.htm		
17/06/2026	7:34	TinNhanhCK	Chứng Khoán			Sửa đổi Luật Chứng khoán: Đáp ứng yêu cầu phát triển mới và phù hợp thông lệ quốc tế	https://www.tinnhanhchungkhoan.vn/sua-doi-luat-chung-khoan-dap-ung-yeu-cau-phat-trien-moi-va-phu-hop-thong-le-quoc-te-post392503.html		
17/06/2026	7:33	Vneconomy	Khác			TP.Hồ Chí Minh tái định vị mạng lưới phân phối nông sản qua chợ đầu mối	https://vneconomy.vn/tpho-chi-minh-tai-dinh-vi-mang-luoi-phan-phoi-nong-san-qua-cho-dau-moi.htm		
17/06/2026	7:33	BaoDautu	Khác			Gia Lai: Khởi tố thêm 3 bị can tại Công ty MTV Cà phê Gia Lai	https://baodautu.vn/gia-lai-khoi-to-them-3-bi-can-tai-cong-ty-mtv-ca-phe-gia-lai-d621911.html		
17/06/2026	7:31	Vneconomy	Tài Chính-Ngân Hàng			Anh hỗ trợ Việt Nam phát triển điện gió ngoài khơi và tài chính xanh	https://vneconomy.vn/anh-ho-tro-viet-nam-phat-trien-dien-gio-ngoai-khoi-va-tai-chinh-xanh.htm		
17/06/2026	7:20	Vneconomy	Doanh Nghiệp			Quản trị doanh nghiệp trở thành lợi thế cạnh tranh trong thu hút vốn MA	https://vneconomy.vn/quan-tri-doanh-nghiep-tro-thanh-loi-the-canh-tranh-trong-thu-hut-von-ma.htm		
17/06/2026	7:15	Vneconomy	Chứng Khoán			Giá vàng giữ đà tăng nhờ mối lo lãi suất “cao hơn lâu hơn” lắng xuống	https://vneconomy.vn/gia-vang-giu-da-tang-nho-moi-lo-lai-suat-cao-hon-lau-hon-lang-xuong.htm		
17/06/2026	7:15	TinNhanhCK	Chứng Khoán			Chính sách tiền tệ cạn dư địa nới lỏng	https://www.tinnhanhchungkhoan.vn/chinh-sach-tien-te-can-du-dia-noi-long-post392097.html		
17/06/2026	7:11	Vneconomy	Chứng Khoán			Áp lực đòi Fed tăng lãi suất trong năm nay đã dịu đi	https://vneconomy.vn/ap-luc-doi-fed-tang-lai-suat-trong-nam-nay-da-diu-di.htm		
17/06/2026	7:05	Nhandan	Khác			Hà Nội: Chủ động tạo sinh kế mới cho người dân sau thu hồi đất	https://nhandan.vn/ha-noi-chu-dong-tao-sinh-ke-moi-cho-nguoi-dan-sau-thu-hoi-dat-post969596.html		
17/06/2026	7:02	Nhandan	Khác			Định hình hệ sinh thái công nghiệp hàng hải quốc gia	https://nhandan.vn/dinh-hinh-he-sinh-thai-cong-nghiep-hang-hai-quoc-gia-post969606.html		
17/06/2026	7:02	TinNhanhCK	Chứng Khoán			Hải An (HAH) sắp phát hành 3,5 triệu cổ phiếu ESOP	https://www.tinnhanhchungkhoan.vn/hai-an-hah-sap-phat-hanh-35-trieu-co-phieu-esop-post392504.html		
17/06/2026	7:01	Baochinhphu	Khác			Xã thành vùng đặc biệt khó khăn sau khi nhận công tác, có được trợ cấp lần đầu?	https://baochinhphu.vn/xa-thanh-vung-dac-biet-kho-khan-sau-khi-nhan-cong-tac-co-duoc-tro-cap-lan-dau-102260612104542375.htm		
17/06/2026	7:00	TinNhanhCK	Chứng Khoán			Kinh tế tư nhân: Nhìn thẳng để tiến bước!	https://www.tinnhanhchungkhoan.vn/kinh-te-tu-nhan-nhin-thang-de-tien-buoc-post392380.html		
17/06/2026	6:59	TinNhanhCK	Chứng Khoán			Hoá chất Đức Giang (DGC) bổ nhiệm 2 phó tổng giám đốc sinh năm 1988	https://www.tinnhanhchungkhoan.vn/hoa-chat-duc-giang-dgc-bo-nhiem-2-pho-tong-giam-doc-sinh-nam-1988-post392505.html		
17/06/2026	6:57	Baochinhphu	Thế Giới			Từ ngày 1/6-15/6: Cả nước tiêu thụ khoảng 520 triệu lít xăng sinh học	https://baochinhphu.vn/tu-ngay-1-6-15-6-ca-nuoc-tieu-thu-khoang-520-trieu-lit-xang-sinh-hoc-102260617065756117.htm		
17/06/2026	6:55	Vneconomy	Doanh Nghiệp			VCCI đề xuất 11 kiến nghị định lượng hóa hỗ trợ doanh nghiệp nhỏ và vừa	https://vneconomy.vn/vcci-de-xuat-11-kien-nghi-dinh-luong-hoa-ho-tro-doanh-nghiep-nho-va-vua.htm		
17/06/2026	6:48	TinNhanhCK	Chứng Khoán			Đầu tư Hạ tầng Kỹ thuật TP.HCM (CII) thay đổi phương án sử dụng vốn thu được từ đợt chào bán trái phiếu chuyển đổi	https://www.tinnhanhchungkhoan.vn/dau-tu-ha-tang-ky-thuat-tphcm-cii-thay-doi-phuong-an-su-dung-von-thu-duoc-tu-dot-chao-ban-trai-phieu-chuyen-doi-post392506.html		
17/06/2026	6:44	TinNhanhCK	Chứng Khoán			Dữ liệu thị trường dẫn lối dòng tiền	https://www.tinnhanhchungkhoan.vn/du-lieu-thi-truong-dan-loi-dong-tien-post392302.html		
17/06/2026	6:43	TinNhanhCK	Chứng Khoán			Quản trị theo thông lệ quốc tế: Bệ phóng của PVI	https://www.tinnhanhchungkhoan.vn/quan-tri-theo-thong-le-quoc-te-be-phong-cua-pvi-post392398.html		
17/06/2026	6:41	Nhandan	Khác			Phát huy phẩm chất "Bộ đội Cụ Hồ" trong kỷ nguyên số	https://nhandan.vn/phat-huy-pham-chat-bo-doi-cu-ho-trong-ky-nguyen-so-post969592.html		
17/06/2026	6:40	Nhandan	Khác			Nâng cao trách nhiệm giải trình trong hoạt động công vụ	https://nhandan.vn/nang-cao-trach-nhiem-giai-trinh-trong-hoat-dong-cong-vu-post969594.html		
17/06/2026	6:40	Nhandan	Khác			Thủ tướng Lê Minh Hưng gặp người đứng đầu Cộng hòa Tatarstan R.Minnikhanov	https://nhandan.vn/thu-tuong-le-minh-hung-gap-nguoi-dung-dau-cong-hoa-tatarstan-rminnikhanov-post969587.html		
17/06/2026	6:40	TinNhanhCK	Chứng Khoán			Thị trường than đối mặt nguy cơ thiếu hụt nguồn cung	https://www.tinnhanhchungkhoan.vn/thi-truong-than-doi-mat-nguy-co-thieu-hut-nguon-cung-post392508.html		
17/06/2026	6:37	TinNhanhCK	Chứng Khoán			Dòng tiền đầu tư: Kỳ vọng quan trọng hơn tin tức	https://www.tinnhanhchungkhoan.vn/dong-tien-dau-tu-ky-vong-quan-trong-hon-tin-tuc-post392305.html		
17/06/2026	6:37	TinNhanhCK	Chứng Khoán			Minh bạch thông tin: “Tấm hộ chiếu” mới của doanh nghiệp địa ốc	https://www.tinnhanhchungkhoan.vn/minh-bach-thong-tin-tam-ho-chieu-moi-cua-doanh-nghiep-dia-oc-post392373.html		
17/06/2026	6:30	TinNhanhCK	Chứng Khoán			Chứng khoán ACB (ACBS) thông báo phát hành 6 mã chứng quyền có bảo đảm mới (Kỳ 3)	https://www.tinnhanhchungkhoan.vn/chung-khoan-acb-acbs-thong-bao-phat-hanh-6-ma-chung-quyen-co-bao-dam-moi-ky-3-post392431.html		
17/06/2026	6:16	Nhandan	Thế Giới			Tham vấn rà soát, điều chỉnh thiết kế thị trường điện cạnh tranh	https://nhandan.vn/tham-van-ra-soat-dieu-chinh-thiet-ke-thi-truong-dien-canh-tranh-post969589.html		
17/06/2026	0:14	Baochinhphu	Khác			Thủ tướng Lê Minh Hưng gặp Người đứng đầu Cộng hòa Tatarstan (Liên bang Nga)	https://baochinhphu.vn/thu-tuong-le-minh-hung-gap-nguoi-dung-dau-cong-hoa-tatarstan-lien-bang-nga-102260616235244453.htm		
16/06/2026	23:57	Vietstock	Bất Động Sản			Sun Group cùng 3 ông lớn ngành hàng không xây tổ hợp bảo dưỡng tàu bay tại Vân Đồn	http://vietstock.vn/2026/06/sun-group-cung-3-ong-lon-nganh-hang-khong-xay-to-hop-bao-duong-tau-bay-tai-van-don-4222-1454937.htm		
16/06/2026	23:55	Nhandan	Khác			88 đồng chí được bầu vào Ban Chấp hành Trung ương Hội Cựu chiến binh Việt Nam khóa VIII	https://nhandan.vn/88-dong-chi-duoc-bau-vao-ban-chap-hanh-trung-uong-hoi-cuu-chien-binh-viet-nam-khoa-viii-post969579.html		
16/06/2026	23:34	Nhandan	Khác			Hơn hai thập kỷ, hoạt động cứu hộ đã hỗ trợ 300 cá thể gấu nuôi nhốt trên cả nước	https://nhandan.vn/hon-hai-thap-ky-hoat-dong-cuu-ho-da-ho-tro-300-ca-the-gau-nuoi-nhot-tren-ca-nuoc-post969585.html		
16/06/2026	23:06	Baochinhphu	Khác			Đề xuất 4 định hướng lớn xây dựng Nghị định về đăng ký biện pháp bảo đảm	https://baochinhphu.vn/de-xuat-4-dinh-huong-lon-xay-dung-nghi-dinh-ve-dang-ky-bien-phap-bao-dam-102260616230130914.htm		
16/06/2026	22:51	Baochinhphu	Chính Sách-Chính Phủ			Phát biểu của Phó Thủ tướng Thường trực Phạm Gia Túc tại lễ kỷ niệm 20 năm ngày Cổng Thông tin điện tử Chính phủ hòa mạng Internet toàn cầu	https://baochinhphu.vn/phat-bieu-cua-pho-thu-tuong-thuong-truc-pham-gia-tuc-tai-le-ky-niem-20-nam-ngay-cong-thong-tin-dien-tu-chinh-phu-hoa-mang-internet-toan-cau-10226061622515746.htm		
16/06/2026	22:43	Nhandan	Khác			[Video] Việt Nam - Đức chia sẻ kinh nghiệm lập pháp, chuyển đổi số trong hoạt động nghị viện	https://nhandan.vn/video-viet-nam-duc-chia-se-kinh-nghiem-lap-phap-chuyen-doi-so-trong-hoat-dong-nghi-vien-post969571.html		
16/06/2026	22:42	Vneconomy	Chứng Khoán			Giới chuyên gia: Giá hàng hóa và lạm phát sẽ còn cao dù chiến tranh ở Vùng Vịnh kết thúc	https://vneconomy.vn/gioi-chuyen-gia-gia-hang-hoa-va-lam-phat-se-con-cao-du-chien-tranh-o-vung-vinh-ket-thuc.htm		
16/06/2026	22:42	Vneconomy	Thế Giới			Phát động cuộc thi trực tuyến về sử dụng năng lượng tiết kiệm và hiệu quả	https://vneconomy.vn/phat-dong-cuoc-thi-truc-tuyen-ve-su-dung-nang-luong-tiet-kiem-va-hieu-qua.htm		
16/06/2026	22:42	Nhandan	Khác			[Video]Chủ tịch Quốc hội Trần Thanh Mẫn: Nhiệm kỳ Quốc hội khóa XVI phải là nhiệm kỳ kiến tạo thể chế phát triển	https://nhandan.vn/videochu-tich-quoc-hoi-tran-thanh-man-nhiem-ky-quoc-hoi-khoa-xvi-phai-la-nhiem-ky-kien-tao-the-che-phat-trien-post969570.html		
16/06/2026	22:41	Vneconomy	Chứng Khoán			Tổ chức trong nước tiếp tục gom ròng	https://vneconomy.vn/to-chuc-trong-nuoc-tiep-tuc-gom-rong.htm		
16/06/2026	22:40	Nhandan	Khác			[Video] Tổng Bí thư, Chủ tịch nước Tô Lâm tiếp Phó Thủ tướng, Bộ trưởng Bộ Tư pháp Lào	https://nhandan.vn/video-tong-bi-thu-chu-tich-nuoc-to-lam-tiep-pho-thu-tuong-bo-truong-bo-tu-phap-lao-post969568.html		
16/06/2026	22:39	Nhandan	Khác			[Video]Tổng Bí thư, Chủ tịch nước Tô Lâm: Báo chí phải bám sát thực tiễn, tôn trọng sự thật, lấy lợi ích của nhân dân làm điểm xuất phát	https://nhandan.vn/videotong-bi-thu-chu-tich-nuoc-to-lam-bao-chi-phai-bam-sat-thuc-tien-ton-trong-su-that-lay-loi-ich-cua-nhan-dan-lam-diem-xuat-phat-post969567.html		
16/06/2026	22:33	Baochinhphu	Thế Giới			Xúc động những giai điệu tưởng nhớ Bác Hồ tại Hà Tĩnh	https://baochinhphu.vn/xuc-dong-nhung-giai-dieu-tuong-nho-bac-ho-tai-ha-tinh-102260616223323426.htm		
16/06/2026	22:32	Nhandan	Khác			[Video] Thủ tướng Lê Minh Hưng đến Kazan dự Hội nghị Cấp cao ASEAN - Nga	https://nhandan.vn/video-thu-tuong-le-minh-hung-den-kazan-du-hoi-nghi-cap-cao-asean-nga-post969573.html		
16/06/2026	22:22	Nhandan	Bất Động Sản			Tác động tích cực với bất động sản thương mại Việt Nam	https://nhandan.vn/tac-dong-tich-cuc-voi-bat-dong-san-thuong-mai-viet-nam-post969578.html		
16/06/2026	22:13	Viettimes	Kinh Tế			Chân dung 2 phó tổng giám đốc mới của Hoá chất Đức Giang	https://viettimes.vn/chan-dung-2-pho-tong-giam-doc-moi-cua-hoa-chat-duc-giang-post201604.html		
16/06/2026	22:04	Nhandan	Thế Giới			Nhiều chỉ tiêu vượt kế hoạch trong Tháng Công nhân 2026	https://nhandan.vn/nhieu-chi-tieu-vuot-ke-hoach-trong-thang-cong-nhan-2026-post969560.html		
16/06/2026	21:36	Nhandan	Khác			Bắc Ninh kỷ niệm 101 năm Ngày Báo chí Cách mạng Việt Nam và trao Giải Báo chí Ngô Gia Tự lần thứ I	https://nhandan.vn/bac-ninh-ky-niem-101-nam-ngay-bao-chi-cach-mang-viet-nam-va-trao-giai-bao-chi-ngo-gia-tu-lan-thu-i-post969499.html		
16/06/2026	21:30	Viettimes	Kinh Tế			Triền lãm trải nghiệm Branded Living: Khi chuẩn sống hàng hiệu được ''thấu'' trong từng điểm chạm	https://viettimes.vn/trien-lam-trai-nghiem-branded-living-khi-chuan-song-hang-hieu-duoc-thau-trong-tung-diem-cham-post201585.html		
16/06/2026	21:17	Nhandan	Khác			Cà Mau ưu tiên nguồn lực cho mở đường ra biển	https://nhandan.vn/ca-mau-uu-tien-nguon-luc-cho-mo-duong-ra-bien-post969559.html		
16/06/2026	21:17	Nhandan	Khác			Đồng bộ giải pháp hiện đại hóa an ninh hàng không, nâng cao năng lực các cảng hàng không	https://nhandan.vn/dong-bo-giai-phap-hien-dai-hoa-an-ninh-hang-khong-nang-cao-nang-luc-cac-cang-hang-khong-post969575.html		
16/06/2026	21:17	TinNhanhCK	Chứng Khoán			Vinchem được vinh danh trong bảng xếp hạng 500 doanh nghiệp hàng đầu Đông Nam Á năm 2026	https://www.tinnhanhchungkhoan.vn/vinchem-duoc-vinh-danh-trong-bang-xep-hang-500-doanh-nghiep-hang-dau-dong-nam-a-nam-2026-post392507.html		
16/06/2026	21:13	Baochinhphu	Khác			Huế: Lấy mẫu, số hóa thông tin 1.456 hài cốt liệt sĩ	https://baochinhphu.vn/hue-lay-mau-so-hoa-thong-tin-1456-hai-cot-liet-si-102260616201331946.htm		
16/06/2026	21:11	Nhandan	Thế Giới			Thực hiện nhiều giải pháp hỗ trợ nông dân	https://nhandan.vn/thuc-hien-nhieu-giai-phap-ho-tro-nong-dan-post969539.html		
16/06/2026	21:11	BaoDautu	Khác			Hai công ty của Tập đoàn Hưng Thịnh bị xử phạt	https://baodautu.vn/hai-cong-ty-cua-tap-doan-hung-thinh-bi-xu-phat-d621732.html		
16/06/2026	20:44	Nhandan	Thế Giới			Tin nổi bật ngày 16/6: Tổng Bí thư, Chủ tịch nước Tô Lâm gặp mặt 101 nhà báo tiêu biểu; Thủ tướng lên đường tham dự Hội nghị Cấp cao Kỷ niệm 35 năm quan hệ ASEAN-Nga	https://nhandan.vn/tin-noi-bat-ngay-166-tong-bi-thu-chu-tich-nuoc-to-lam-gap-mat-101-nha-bao-tieu-bieu-thu-tuong-len-duong-tham-du-hoi-nghi-cap-cao-ky-niem-35-nam-quan-he-asean-nga-post969538.html		
16/06/2026	20:42	BaoDautu	Doanh Nghiệp			Vinachem được vinh danh trong bảng xếp hạng 500 doanh nghiệp hàng đầu Đông Nam Á năm 2026	https://baodautu.vn/vinachem-duoc-vinh-danh-trong-bang-xep-hang-500-doanh-nghiep-hang-dau-dong-nam-a-nam-2026-d621932.html		
16/06/2026	20:41	BaoDautu	Bất Động Sản			Chuẩn sống thượng lưu “phiên bản nâng cấp” tại Vinhomes Royal Island thu hút giới tinh hoa Hải Phòng	https://baodautu.vn/chuan-song-thuong-luu-phien-ban-nang-cap-tai-vinhomes-royal-island-thu-hut-gioi-tinh-hoa-hai-phong-d621841.html		
16/06/2026	20:30	Nhandan	Khác			Chính ủy Cảnh sát biển đối thoại với cán bộ, chiến sĩ Vùng Cảnh sát biển 2	https://nhandan.vn/chinh-uy-canh-sat-bien-doi-thoai-voi-can-bo-chien-si-vung-canh-sat-bien-2-post969563.html		
16/06/2026	20:28	Baochinhphu	Chính Sách-Chính Phủ			Chỉ đạo, điều hành của Chính phủ, Thủ tướng Chính phủ ngày 16/6/2026	https://baochinhphu.vn/chi-dao-dieu-hanh-cua-chinh-phu-thu-tuong-chinh-phu-ngay-16-6-2026-102260616175810664.htm		
16/06/2026	20:20	Nhandan	Khác			Thủ tướng Lê Minh Hưng đến Kazan bắt đầu chuyến công tác tại Liên bang Nga	https://nhandan.vn/thu-tuong-le-minh-hung-den-kazan-bat-dau-chuyen-cong-tac-tai-lien-bang-nga-post969544.html		
16/06/2026	20:18	Nhandan	Khác			Thúc đẩy các định hướng hợp tác thực chất Việt Nam-Đức	https://nhandan.vn/thuc-day-cac-dinh-huong-hop-tac-thuc-chat-viet-nam-duc-post969546.html		
16/06/2026	20:15	Vietstock	Kinh Tế			Thu hút vốn FDI: Không thể chỉ trông chờ 'đại bàng' đến làm tổ	http://vietstock.vn/2026/06/thu-hut-von-fdi-khong-the-chi-trong-cho-dai-bang-den-lam-to-768-1455119.htm		
16/06/2026	20:13	Vietstock	Chứng Khoán			Một cá nhân chi 19 tỷ mua nốt cổ phiếu chưa bán hết của CDC	http://vietstock.vn/2026/06/mot-ca-nhan-chi-19-ty-mua-not-co-phieu-chua-ban-het-cua-cdc-764-1455096.htm		
16/06/2026	20:07	Baochinhphu	Khác			Thí điểm một số chính sách trong triển khai lộ trình sử dụng xăng E10	https://baochinhphu.vn/thi-diem-mot-so-chinh-sach-trong-trien-khai-lo-trinh-su-dung-xang-e10-102260616195123375.htm		
16/06/2026	20:00	Baochinhphu	Khác			Tạo môi trường thuận lợi để báo chí thực sự phát huy được những giá trị không thể thay thế	https://baochinhphu.vn/tao-moi-truong-thuan-loi-de-bao-chi-thuc-su-phat-huy-duoc-nhung-gia-tri-khong-the-thay-the-102260616200023552.htm		
16/06/2026	20:00	Vietstock	Khác			Thị trường chứng quyền ngày 17/06/2026: Triển vọng ngắn hạn đang xấu đi	http://vietstock.vn/2026/06/thi-truong-chung-quyen-ngay-17062026-trien-vong-ngan-han-dang-xau-di-1636-1454915.htm		
16/06/2026	20:00	Nhandan	Khác			[Ảnh] Thủ tướng Lê Minh Hưng bắt đầu chuyến tham dự Hội nghị Kỷ niệm 35 năm quan hệ ASEAN-Nga	https://nhandan.vn/anh-thu-tuong-le-minh-hung-bat-dau-chuyen-tham-du-hoi-nghi-ky-niem-35-nam-quan-he-asean-nga-post969550.html		
16/06/2026	19:52	Baochinhphu	Khác			Thủ tướng Lê Minh Hưng đến Kazan, bắt đầu chuyến công tác tại Liên bang Nga	https://baochinhphu.vn/thu-tuong-le-minh-hung-den-kazan-bat-dau-chuyen-cong-tac-tai-lien-bang-nga-102260616190123308.htm		
16/06/2026	19:51	Baochinhphu	Khác			Phó Thủ tướng Thường trực Phạm Gia Túc: Bảo đảm tiến độ dự án đường sắt Lào Cai - Hà Nội - Hải Phòng, tuân thủ nghiêm ngặt quy trình	https://baochinhphu.vn/pho-thu-tuong-thuong-truc-pham-gia-tuc-bao-dam-tien-do-du-an-duong-sat-lao-cai-ha-noi-hai-phong-tuan-thu-nghiem-ngat-quy-trinh-102260616191049768.htm		
16/06/2026	19:30	Vietstock	Chứng Khoán			Chứng khoán phái sinh ngày 17/06/2026: Thanh khoản toàn thị trường lại sụt giảm	http://vietstock.vn/2026/06/chung-khoan-phai-sinh-ngay-17062026-thanh-khoan-toan-thi-truong-lai-sut-giam-1636-1454896.htm		
16/06/2026	19:25	Nhandan	Khác			Phó Chủ tịch Quốc hội Nguyễn Thị Thanh hội đàm với Phó Chủ tịch Quốc hội Cộng hoà Liên bang Đức	https://nhandan.vn/pho-chu-tich-quoc-hoi-nguyen-thi-thanh-hoi-dam-voi-pho-chu-tich-quoc-hoi-cong-hoa-lien-bang-duc-post969541.html		
16/06/2026	19:23	Nhandan	Khác			Chủ tịch Quốc hội Trần Thanh Mẫn tiếp Phó Chủ tịch Quốc hội Cộng hòa Liên bang Đức	https://nhandan.vn/chu-tich-quoc-hoi-tran-thanh-man-tiep-pho-chu-tich-quoc-hoi-cong-hoa-lien-bang-duc-post969542.html		
16/06/2026	19:12	Nhandan	Khác			Việt Nam-Angola thúc đẩy hợp tác nông nghiệp, mở rộng cơ hội đầu tư	https://nhandan.vn/viet-nam-angola-thuc-day-hop-tac-nong-nghiep-mo-rong-co-hoi-dau-tu-post969534.html		
16/06/2026	19:11	Nhandan	Doanh Nghiệp			Vinachem xếp trong Top 150 doanh nghiệp hàng đầu Đông Nam Á năm 2026	https://nhandan.vn/vinachem-xep-trong-top-150-doanh-nghiep-hang-dau-dong-nam-a-nam-2026-post969531.html		
16/06/2026	19:10	Nhandan	Doanh Nghiệp			Thuế Thành phố Hồ Chí Minh đối thoại, hỗ trợ doanh nghiệp FDI thực hiện nghĩa vụ thuế	https://nhandan.vn/thue-thanh-pho-ho-chi-minh-doi-thoai-ho-tro-doanh-nghiep-fdi-thuc-hien-nghia-vu-thue-post969479.html		
16/06/2026	19:09	Baochinhphu	Chính Sách-Chính Phủ			Phó Chủ tịch UBND TP. Hà Nội Trương Việt Dũng: Cổng TTĐT Chính phủ - không gian trí tuệ cộng hưởng, nơi chính sách được thai nghén, truyền thông, phản hồi và hoàn thiện	https://baochinhphu.vn/pho-chu-tich-ubnd-tp-ha-noi-truong-viet-dung-cong-ttdt-chinh-phu-khong-gian-tri-tue-cong-huong-noi-chinh-sach-duoc-thai-nghen-truyen-thong-phan-hoi-va-hoan-thien-102260616230138711.htm		
16/06/2026	19:09	Baochinhphu	Khác			Đánh giá toàn diện kết quả thi hành Bộ luật Tố tụng dân sự	https://baochinhphu.vn/danh-gia-toan-dien-ket-qua-thi-hanh-bo-luat-to-tung-dan-su-102260616170143543.htm		
16/06/2026	19:07	Baochinhphu	Khác			Tổng Bí thư, Chủ tịch nước Tô Lâm tiếp Phó Thủ tướng, Bộ trưởng Bộ Tư pháp Lào	https://baochinhphu.vn/tong-bi-thu-chu-tich-nuoc-to-lam-tiep-pho-thu-tuong-bo-truong-bo-tu-phap-lao-102260616185447751.htm		
16/06/2026	19:07	Baochinhphu	Khác			Kỳ vọng hòa bình Mỹ - Iran kéo giá dầu xuống thấp nhất hơn 3 tháng	https://baochinhphu.vn/ky-vong-hoa-binh-my-iran-keo-gia-dau-xuong-thap-nhat-hon-3-thang-102260616152110975.htm		
16/06/2026	19:06	Baochinhphu	Thế Giới			Không lùi mục tiêu hoàn thành cơ sở dữ liệu đất đai, đưa vào khai thác ngay khi hoàn thiện	https://baochinhphu.vn/khong-lui-muc-tieu-hoan-thanh-co-so-du-lieu-dat-dai-dua-vao-khai-thac-ngay-khi-hoan-thien-102260616183139141.htm		
16/06/2026	19:05	Nhandan	Khác			Tổng Bí thư, Chủ tịch nước Tô Lâm tiếp Phó Thủ tướng, Bộ trưởng Tư pháp Lào Khamphan Phommathat	https://nhandan.vn/tong-bi-thu-chu-tich-nuoc-to-lam-tiep-pho-thu-tuong-bo-truong-tu-phap-lao-khamphan-phommathat-post969540.html		
16/06/2026	19:04	Nhandan	Khác			Các cơ quan, đơn vị chúc mừng Báo Nhân Dân nhân dịp 101 năm Ngày Báo chí Cách mạng Việt Nam	https://nhandan.vn/cac-co-quan-don-vi-chuc-mung-bao-nhan-dan-nhan-dip-101-nam-ngay-bao-chi-cach-mang-viet-nam-post969521.html		
16/06/2026	19:03	Baochinhphu	Khác			Chủ tịch Quốc hội Trần Thanh Mẫn tiếp Phó Chủ tịch Quốc hội Cộng hòa Liên bang Đức	https://baochinhphu.vn/chu-tich-quoc-hoi-tran-thanh-man-tiep-pho-chu-tich-quoc-hoi-cong-hoa-lien-bang-duc-102260616184144368.htm		
16/06/2026	18:59	Vietstock	Tài Chính-Ngân Hàng			Thứ trưởng Bộ Tài chính: Nghiên cứu kỹ lưỡng, tham chiếu thông lệ quốc tế tốt khi sửa Luật Chứng khoán	http://vietstock.vn/2026/06/thu-truong-bo-tai-chinh-nghien-cuu-ky-luong-tham-chieu-thong-le-quoc-te-tot-khi-sua-luat-chung-khoan-143-1455041.htm		
16/06/2026	18:47	Vietstock	Chứng Khoán			Lộ diện các doanh nghiệp tham gia Hội thảo đầu tư 2026 của Chứng khoán Rồng Việt	http://vietstock.vn/2026/06/lo-dien-cac-doanh-nghiep-tham-gia-hoi-thao-dau-tu-2026-cua-chung-khoan-rong-viet-737-1455074.htm		
16/06/2026	18:45	Nhandan	Khác			Phân bón giả vẫn là “điểm nghẽn” của ngành phân bón Việt Nam	https://nhandan.vn/phan-bon-gia-van-la-diem-nghen-cua-nganh-phan-bon-viet-nam-post969526.html		
16/06/2026	18:38	Nhandan	Chứng Khoán			[Infographic] Thị trường ngày 16/6: VN-Index tăng 8,63 điểm, thanh khoản thị trường giảm	https://nhandan.vn/infographic-thi-truong-ngay-166-vn-index-tang-863-diem-thanh-khoan-thi-truong-giam-post969532.html		
16/06/2026	18:37	Vneconomy	Tài Chính-Ngân Hàng			VPBank NEO lần thứ ba nhận giải quốc tế: Dấu ấn của một ngân hàng số toàn năng	https://vneconomy.vn/vpbank-neo-lan-thu-ba-nhan-giai-quoc-te-dau-an-cua-mot-ngan-hang-so-toan-nang.htm		
16/06/2026	18:17	Viettimes	Kinh Tế			Tỷ phú Phạm Nhật Vượng chỉ đạo Vinhomes dừng mở rộng quỹ đất tại Việt Nam	https://viettimes.vn/ty-phu-pham-nhat-vuong-chi-dao-vinhomes-dung-mo-rong-quy-dat-tai-viet-nam-post201597.html		
16/06/2026	18:17	Vietstock	Khác			Vietstock Daily 17/06/2026: Tiếp đà phục hồi	http://vietstock.vn/2026/06/vietstock-daily-17062026-tiep-da-phuc-hoi-1636-1454943.htm		
16/06/2026	18:17	Nhandan	Khác			Bí thư Tỉnh ủy Quảng Ngãi đối thoại với đại diện thanh niên xuất ngũ	https://nhandan.vn/bi-thu-tinh-uy-quang-ngai-doi-thoai-voi-dai-dien-thanh-nien-xuat-ngu-post969520.html		
16/06/2026	18:15	Nhandan	Khác			Vĩnh Long tăng cường phối hợp tuyên truyền về công tác điện lực giai đoạn 2026-2030	https://nhandan.vn/vinh-long-tang-cuong-phoi-hop-tuyen-truyen-ve-cong-tac-dien-luc-giai-doan-2026-2030-post969469.html		
16/06/2026	18:14	Nhandan	Khác			Bộ đội Biên phòng Đồng Tháp và Ty Công an tỉnh Prey Veng ký kết thỏa thuận hợp tác	https://nhandan.vn/bo-doi-bien-phong-dong-thap-va-ty-cong-an-tinh-prey-veng-ky-ket-thoa-thuan-hop-tac-post969524.html		
16/06/2026	18:13	Nhandan	Khác			Thêm 2 tuyến xe buýt điện vận hành phục vụ người dân Thành phố Hồ Chí Minh	https://nhandan.vn/them-2-tuyen-xe-buyt-dien-van-hanh-phuc-vu-nguoi-dan-thanh-pho-ho-chi-minh-post969523.html		
16/06/2026	18:12	Vietstock	Doanh Nghiệp			ĐHĐCĐ VLB: Lợi nhuận tăng vọt nhờ xác định lại tiền cấp quyền khai thác khoáng sản	http://vietstock.vn/2026/06/dhdcd-vlb-loi-nhuan-tang-vot-nho-xac-dinh-lai-tien-cap-quyen-khai-thac-khoang-san-737-1454877.htm		
16/06/2026	18:11	Nhandan	Khác			Tăng cường hợp tác giữa Việt Nam và Canada trong lĩnh vực báo chí và đối ngoại nhân dân	https://nhandan.vn/tang-cuong-hop-tac-giua-viet-nam-va-canada-trong-linh-vuc-bao-chi-va-doi-ngoai-nhan-dan-post969527.html		
16/06/2026	18:10	Baochinhphu	Khác			Hải quan ghi nhận 927 vụ vi phạm xuyên quốc gia	https://baochinhphu.vn/hai-quan-ghi-nhan-927-vu-vi-pham-xuyen-quoc-gia-10226061618054919.htm		
16/06/2026	18:04	Viettimes	Khác			Thuốc giả, mỹ phẩm sai phạm vẫn trà trộn trên thị trường	https://viettimes.vn/thuoc-gia-my-pham-sai-pham-van-tra-tron-tren-thi-truong-post201594.html		
16/06/2026	18:00	Vneconomy	Bất Động Sản			Bảo chứng đầu tư từ quy hoạch cứng hạ tầng giao thông quốc gia	https://vneconomy.vn/bao-chung-dau-tu-tu-quy-hoach-cung-ha-tang-giao-thong-quoc-gia.htm		
16/06/2026	18:00	Vietstock	Chứng Khoán			Vinaconex thoái thành công hơn 35 triệu cp Viwaseen (VIW)	http://vietstock.vn/2026/06/vinaconex-thoai-thanh-cong-hon-35-trieu-cp-viwaseen-viw-739-1454959.htm		
16/06/2026	17:54	Viettimes	Khác			Đà Nẵng mời “đại bàng” công nghệ đến làm tổ	https://viettimes.vn/da-nang-moi-dai-bang-cong-nghe-den-lam-to-post201587.html		
16/06/2026	17:53	Nhandan	Khác			Khai mạc Hội thi Báo cáo viên giỏi toàn quân năm 2026 khu vực phía nam	https://nhandan.vn/khai-mac-hoi-thi-bao-cao-vien-gioi-toan-quan-nam-2026-khu-vuc-phia-nam-post969514.html		
16/06/2026	17:52	Nhandan	Thế Giới			Hà Nội đã hoàn thành giải phóng mặt bằng nhiều dự án giao thông trọng điểm	https://nhandan.vn/ha-noi-da-hoan-thanh-giai-phong-mat-bang-nhieu-du-an-giao-thong-trong-diem-post969525.html		
16/06/2026	17:50	Baochinhphu	Khác			Tổng Bí thư, Chủ tịch nước Tô Lâm: Báo chí phải bám sát thực tiễn, tôn trọng sự thật, lấy lợi ích của nhân dân làm điểm xuất phát	https://baochinhphu.vn/tong-bi-thu-chu-tich-nuoc-to-lam-bao-chi-phai-bam-sat-thuc-tien-ton-trong-su-that-lay-loi-ich-cua-nhan-dan-lam-diem-xuat-phat-102260616170054168.htm		
16/06/2026	17:50	Baochinhphu	Thế Giới			Điều lệ trường trung học nghề	https://baochinhphu.vn/dieu-le-truong-trung-hoc-nghe-10226061615485519.htm		
16/06/2026	17:47	Vietstock	Bất Động Sản			Từ đô thị đến năng lượng, T&T Group muốn mở rộng hiện diện tại Đắk Lắk	http://vietstock.vn/2026/06/tu-do-thi-den-nang-luong-tt-group-muon-mo-rong-hien-dien-tai-dak-lak-4222-1454542.htm		
16/06/2026	17:38	Baochinhphu	Khác			Thành lập Hội đồng thẩm định Báo cáo nghiên cứu tiền khả thi Dự án xây dựng đường Vành đai 5 Thủ đô	https://baochinhphu.vn/thanh-lap-hoi-dong-tham-dinh-bao-cao-nghien-cuu-tien-kha-thi-du-an-xay-dung-duong-vanh-dai-5-thu-do-102260616172837565.htm		
16/06/2026	17:34	Baochinhphu	Doanh Nghiệp			Tạo lực đẩy mới cho doanh nghiệp công nghệ số Việt Nam bứt phá	https://baochinhphu.vn/tao-luc-day-moi-cho-doanh-nghiep-cong-nghe-so-viet-nam-but-pha-102260616172241354.htm		
16/06/2026	17:33	Vneconomy	Doanh Nghiệp			Foxconn tổ chức Diễn đàn Năng lượng tại Hà Nội, thúc đẩy chuỗi cung ứng xanh bền vững tại Việt Nam	https://vneconomy.vn/foxconn-to-chuc-dien-dan-nang-luong-tai-ha-noi-thuc-day-chuoi-cung-ung-xanh-ben-vung-tai-viet-nam.htm		
16/06/2026	17:30	Vneconomy	Doanh Nghiệp			778 doanh nghiệp thủy sản Việt Nam được cấp phép xuất khẩu vào Đài Loan	https://vneconomy.vn/778-doanh-nghiep-thuy-san-viet-nam-duoc-cap-phep-xuat-khau-vao-dai-loan.htm		
16/06/2026	17:30	Vneconomy	Bất Động Sản			[Bài 2] Hải Phòng đẩy nhanh tiến độ giao đất cho 32 dự án đô thị	https://vneconomy.vn/bai-2-hai-phong-day-nhanh-tien-do-giao-dat-cho-32-du-an-do-thi.htm		
16/06/2026	17:30	TinNhanhCK	Chứng Khoán			Sự kiện chứng khoán đáng chú ý ngày 17/6	https://www.tinnhanhchungkhoan.vn/su-kien-chung-khoan-dang-chu-y-ngay-176-post392501.html		
16/06/2026	17:25	BaoDautu	Khác			Huế hoàn thành Khu tái định cư đường sắt cao tốc Bắc-Nam đầu tiên	https://baodautu.vn/hue-hoan-thanh-khu-tai-dinh-cu-duong-sat-cao-toc-bac-nam-dau-tien-d621730.html		
16/06/2026	17:24	Viettimes	Khác			Sốt rét từ châu Phi liên tiếp “nhập cảnh”: Mối lo WHO cảnh báo đã thành hiện thực	https://viettimes.vn/sot-ret-tu-chau-phi-lien-tiep-nhap-canh-moi-lo-who-canh-bao-da-thanh-hien-thuc-post201590.html		
16/06/2026	17:21	Baochinhphu	Khác			Hành khách được bồi thường thế nào khi chuyến bay bị chậm, hủy?	https://baochinhphu.vn/hanh-khach-duoc-boi-thuong-the-nao-khi-chuyen-bay-bi-cham-huy-102260616165705349.htm		
16/06/2026	17:20	Nhandan	Thế Giới			[Ảnh] Tổng Bí thư, Chủ tịch nước Tô Lâm gặp mặt 101 nhà báo tiêu biểu	https://nhandan.vn/anh-tong-bi-thu-chu-tich-nuoc-to-lam-gap-mat-101-nha-bao-tieu-bieu-post969444.html		
16/06/2026	17:19	Vietstock	Doanh Nghiệp			F88 chốt giá phát hành công chúng 71,000 đồng/cp, nối dài làn sóng doanh nghiệp tư nhân lên HOSE	http://vietstock.vn/2026/06/f88-chot-gia-phat-hanh-cong-chung-71000-dongcp-noi-dai-lan-song-doanh-nghiep-tu-nhan-len-hose-764-1454929.htm		
16/06/2026	17:15	Nhandan	Thế Giới			Hợp tác quốc tế tạo nền tảng cho hải quan số và quản lý hiện đại	https://nhandan.vn/hop-tac-quoc-te-tao-nen-tang-cho-hai-quan-so-va-quan-ly-hien-dai-post969518.html		
16/06/2026	17:13	Vietstock	Doanh Nghiệp			CII đổi kế hoạch dùng hơn ngàn tỷ đồng trái phiếu chuyển đổi, từ trả nợ sang tăng vốn cho CII PPP	http://vietstock.vn/2026/06/cii-doi-ke-hoach-dung-hon-ngan-ty-dong-trai-phieu-chuyen-doi-tu-tra-no-sang-tang-von-cho-cii-ppp-3118-1454905.htm		
16/06/2026	17:13	Vietnambusinessinsider	Thế Giới			Triển lãm trải nghiệm Branded Living: Khi chuẩn sống hàng hiệu được “thấu” trong từng điểm chạm	https://vietnambusinessinsider.vn/trien-lam-trai-nghiem-branded-living-khi-chuan-song-hang-hieu-duoc-thau-trong-tung-diem-cham-a53926.html		
16/06/2026	17:11	Baochinhphu	Khác			Nâng tầm năng lực đào tạo và nghiên cứu pháp luật đối với Đại học Thái Nguyên	https://baochinhphu.vn/nang-tam-nang-luc-dao-tao-va-nghien-cuu-phap-luat-doi-voi-dai-hoc-thai-nguyen-102260616164444076.htm		
16/06/2026	17:04	Nhandan	Tài Chính-Ngân Hàng			Đà Nẵng: Tuần lễ Kinh tế, Tài chính và Công nghệ thúc đẩy đầu tư, kết nối hợp tác	https://nhandan.vn/da-nang-tuan-le-kinh-te-tai-chinh-va-cong-nghe-thuc-day-dau-tu-ket-noi-hop-tac-post969480.html		
16/06/2026	17:03	BaoDautu	Doanh Nghiệp			Doanh nghiệp kinh doanh cảng hàng không phải có vốn tối thiểu 100 tỷ đồng	https://baodautu.vn/doanh-nghiep-kinh-doanh-cang-hang-khong-phai-co-von-toi-thieu-100-ty-dong-d621731.html		
16/06/2026	17:02	BaoDautu	Thế Giới			Khu Thương mại tự do Đà Nẵng áp dụng nhiều chính sách ưu đãi về đất đai	https://baodautu.vn/khu-thuong-mai-tu-do-da-nang-ap-dung-nhieu-chinh-sach-uu-dai-ve-dat-dai-d621710.html		
16/06/2026	17:01	Nhandan	Thế Giới			Thanh Hóa: Hơn 40 nghìn đại biểu quán triệt, triển khai thực hiện các nghị quyết	https://nhandan.vn/thanh-hoa-hon-40-nghin-dai-bieu-quan-triet-trien-khai-thuc-hien-cac-nghi-quyet-post969473.html		
16/06/2026	17:01	Nhandan	Khác			Báo chí đồng hành cùng đất nước hướng tới các mốc phát triển lớn của dân tộc	https://nhandan.vn/bao-chi-dong-hanh-cung-dat-nuoc-huong-toi-cac-moc-phat-trien-lon-cua-dan-toc-post969508.html		
16/06/2026	16:58	BaoDautu	Khác			SLP Việt Nam và J&T Express Việt Nam ký kết hợp tác phát triển trung tâm logistics tự động hóa quy mô lớn	https://baodautu.vn/slp-viet-nam-va-jt-express-viet-nam-ky-ket-hop-tac-phat-trien-trung-tam-logistics-tu-dong-hoa-quy-mo-lon-d621729.html		
16/06/2026	16:57	Baochinhphu	Khác			Nhà ở cho thuê: Kiến tạo để đột phá	https://baochinhphu.vn/nha-o-cho-thue-kien-tao-de-dot-pha-102260616155732122.htm		
16/06/2026	16:57	Nhandan	Thế Giới			Nhân rộng toàn quốc mô hình tái hòa nhập cộng đồng hiệu quả của Ninh Bình	https://nhandan.vn/nhan-rong-toan-quoc-mo-hinh-tai-hoa-nhap-cong-dong-hieu-qua-cua-ninh-binh-post969478.html		
16/06/2026	16:57	TinNhanhCK	Chứng Khoán			Chứng khoán HSC (HCM) thông báo về việc tạm dừng thực hiện Thông báo phát hành đối với Chứng quyền STB-HSC-6M-2001 và Chứng quyền STB-HSC-9M-2002 ngày 15/06/2026 (Kỳ 1)	https://www.tinnhanhchungkhoan.vn/chung-khoan-hsc-hcm-thong-bao-ve-viec-tam-dung-thuc-hien-thong-bao-phat-hanh-doi-voi-chung-quyen-stb-hsc-6m-2001-va-chung-quyen-stb-hsc-9m-2002-ngay-15062026-ky-1-post392496.html		
16/06/2026	16:56	BaoDautu	Chứng Khoán			Chứng khoán phiên 16/6: Cổ phiếu ngành chứng khoán lại hút tiền	https://baodautu.vn/chung-khoan-phien-166-co-phieu-nganh-chung-khoan-lai-hut-tien-d621711.html		
16/06/2026	16:55	Nhandan	Khác			Đà Nẵng đầu tư gần 500 tỷ đồng khắc phục sạt lở sông Thu Bồn và bờ biển Hội An	https://nhandan.vn/da-nang-dau-tu-gan-500-ty-dong-khac-phuc-sat-lo-song-thu-bon-va-bo-bien-hoi-an-post969486.html		
16/06/2026	16:51	Viettimes	Kinh Tế			Loạt chính sách ưu đãi đất đai "đặc biệt" dành cho dự án trong Khu thương mại tự do Đà Nẵng	https://viettimes.vn/loat-chinh-sach-uu-dai-dat-dai-dac-biet-danh-cho-du-an-trong-khu-thuong-mai-tu-do-da-nang-post201589.html		
16/06/2026	16:46	Nhandan	Khác			Trao đổi kinh nghiệm về công tác khuyến nông	https://nhandan.vn/trao-doi-kinh-nghiem-ve-cong-tac-khuyen-nong-post969437.html		
16/06/2026	16:44	Vietnambusinessinsider	Bất Động Sản			Vinhomes: ‘Dừng mở rộng quỹ đất, tập trung đóng góp cho tăng trưởng’	https://vietnambusinessinsider.vn/vinhomes-dung-mo-rong-quy-dat-tap-trung-dong-gop-cho-tang-truong-a53925.html		
16/06/2026	16:44	Nhandan	Tài Chính-Ngân Hàng			Ngân hàng trung ương toàn cầu tiếp tục gia tăng dự trữ vàng	https://nhandan.vn/ngan-hang-trung-uong-toan-cau-tiep-tuc-gia-tang-du-tru-vang-post969472.html		
16/06/2026	16:43	Baochinhphu	Thế Giới			Điều gì tạo nên sự tăng trưởng an toàn và bền vững của OCB?	https://baochinhphu.vn/dieu-gi-tao-nen-su-tang-truong-an-toan-va-ben-vung-cua-ocb-10226061616132794.htm		
16/06/2026	16:42	Vietstock	Chứng Khoán			Nhịp đập Thị trường 16/06: Lực mua lấy lại ưu thế, VN-Index bảo toàn mốc 1,800	http://vietstock.vn/2026/06/nhip-dap-thi-truong-1606-luc-mua-lay-lai-uu-the-vn-index-bao-toan-moc-1800-1636-1454611.htm		
16/06/2026	16:37	Nhandan	Khác			Chiến dịch Con rồng Mê Kông VIII ghi nhận 927 vụ việc sau gần hai tháng triển khai	https://nhandan.vn/chien-dich-con-rong-me-kong-viii-ghi-nhan-927-vu-viec-sau-gan-hai-thang-trien-khai-post969489.html		
16/06/2026	16:32	Viettimes	Kinh Tế			Hãng taxi của tỷ phú Phạm Nhật Vượng có tổng giám đốc mới	https://viettimes.vn/hang-taxi-cua-ty-phu-pham-nhat-vuong-co-tong-giam-doc-moi-post201584.html		
16/06/2026	16:24	Viettimes	Tài Chính-Ngân Hàng			VietinBank Open API Portal phiên bản mới: Đón đầu xu hướng tài chính số thông minh	https://viettimes.vn/vietinbank-open-api-portal-phien-ban-moi-don-dau-xu-huong-tai-chinh-so-thong-minh-post201582.html		
16/06/2026	16:17	Vietstock	Doanh Nghiệp			BAF ra mắt trại công nghệ cao, hé lộ mục tiêu đưa giá vốn về dưới 40,000 đồng/kg	http://vietstock.vn/2026/06/baf-ra-mat-trai-cong-nghe-cao-he-lo-muc-tieu-dua-gia-von-ve-duoi-40000-dongkg-737-1454830.htm		
16/06/2026	16:17	TinNhanhCK	Tài Chính-Ngân Hàng			Tăng cường quản lý rủi ro ngân hàng: Từ tuân thủ đến đòn bẩy chiến lược	https://www.tinnhanhchungkhoan.vn/tang-cuong-quan-ly-rui-ro-ngan-hang-tu-tuan-thu-den-don-bay-chien-luoc-post392360.html		
16/06/2026	16:17	BaoDautu	Khác			Mondelez Kinh Đô Việt Nam được vinh danh vì phát triển bền vững	https://baodautu.vn/mondelez-kinh-do-viet-nam-duoc-vinh-danh-vi-phat-trien-ben-vung-d621620.html		
16/06/2026	16:16	Vneconomy	Bất Động Sản			Quy định thiết kế đối với nhà ở dưới 7 tầng và nhà ở 7 tầng trở lên từ 1/7	https://vneconomy.vn/quy-dinh-thiet-ke-doi-voi-nha-o-duoi-7-tang-va-nha-o-7-tang-tro-len-tu-17.htm		
16/06/2026	16:12	BaoDautu	Khác			The Meridian Đà Nẵng: Tâm điểm đầu tư mới bên sông Hàn, liền kề Da Nang Downtown	https://baodautu.vn/the-meridian-da-nang-tam-diem-dau-tu-moi-ben-song-han-lien-ke-da-nang-downtown-d621585.html		
16/06/2026	16:03	Vneconomy	Bất Động Sản			Flamingo Maison 108 xác lập dấu ấn với chứng nhận EDGE Advanced	https://vneconomy.vn/flamingo-maison-108-xac-lap-dau-an-voi-chung-nhan-edge-advanced.htm		
16/06/2026	16:02	Vneconomy	Khác			Hà Nội thông qua Đề án Vùng phát thải thấp trong Vành đai 1	https://vneconomy.vn/ha-noi-thong-qua-de-an-vung-phat-thai-thap-trong-vanh-dai-1.htm		
16/06/2026	16:02	Nhandan	Chứng Khoán			Chứng khoán ngày 16/6: VN-Index tăng hơn 8 điểm nhờ lực kéo từ nhóm bất động sản và chứng khoán	https://nhandan.vn/chung-khoan-ngay-166-vn-index-tang-hon-8-diem-nho-luc-keo-tu-nhom-bat-dong-san-va-chung-khoan-post969429.html		
16/06/2026	15:57	Nhandan	Khác			Hành trình tìm lại tên cho những người đã ngã xuống vì Tổ quốc	https://nhandan.vn/hanh-trinh-tim-lai-ten-cho-nhung-nguoi-da-nga-xuong-vi-to-quoc-post969470.html		
16/06/2026	15:55	Vietstock	Doanh Nghiệp			Doanh nghiệp liên quan Shark Liên và CC1 làm 2 KCN gần 7 ngàn tỷ tại Cần Thơ	http://vietstock.vn/2026/06/doanh-nghiep-lien-quan-shark-lien-va-cc1-lam-2-kcn-gan-7-ngan-ty-tai-can-tho-4221-1454718.htm		
16/06/2026	15:52	Vneconomy	Chứng Khoán			Mô hình quỹ đất R4 và chiến lược chứng khoán nhà ở cho thuê: Kinh nghiệm Trung Quốc và gợi ý chính sách cho Việt Nam	https://vneconomy.vn/mo-hinh-quy-dat-r4-va-chien-luoc-chung-khoan-nha-o-cho-thue-kinh-nghiem-trung-quoc-va-goi-y-chinh-sach-cho-viet-nam.htm		
16/06/2026	15:49	TinNhanhCK	Chứng Khoán			Chủ tịch Quốc hội: Khắc phục triệt để các hạn chế trong xây dựng pháp luật	https://www.tinnhanhchungkhoan.vn/chu-tich-quoc-hoi-khac-phuc-triet-de-cac-han-che-trong-xay-dung-phap-luat-post392492.html		
16/06/2026	15:46	Nhandan	Khác			Đà Nẵng xác minh thông tin liệt sĩ tại hang Đá Sập	https://nhandan.vn/da-nang-xac-minh-thong-tin-liet-si-tai-hang-da-sap-post969474.html		
16/06/2026	15:45	Nhandan	Khác			Đà Nẵng: Hơn 40 trường hợp bị ngộ độc thực phẩm nghi do ăn bánh mì	https://nhandan.vn/da-nang-hon-40-truong-hop-bi-ngo-doc-thuc-pham-nghi-do-an-banh-mi-post969471.html		
16/06/2026	15:43	Vneconomy	Chứng Khoán			Thâm hụt thương mại 13,8 tỷ USD không đáng lo, không phản ánh vào chứng khoán?	https://vneconomy.vn/tham-hut-thuong-mai-138-ty-usd-khong-dang-lo-khong-phan-anh-vao-chung-khoan.htm		
16/06/2026	15:40	TinNhanhCK	Chứng Khoán			Dẫn vốn cho tăng trưởng	https://www.tinnhanhchungkhoan.vn/dan-von-cho-tang-truong-post391901.html		
16/06/2026	15:34	Vneconomy	Chứng Khoán			Thị trường tài sản mã hoá vẫn giữ tâm lý dè dặt	https://vneconomy.vn/thi-truong-tai-san-ma-hoa-van-giu-tam-ly-de-dat.htm		
16/06/2026	15:32	Vietstock	Doanh Nghiệp			Bị mất tư cách đại chúng, kiểm toán từ chối đưa ý kiến, VPC nói chưa có thời gian xử lý	http://vietstock.vn/2026/06/bi-mat-tu-cach-dai-chung-kiem-toan-tu-choi-dua-y-kien-vpc-noi-chua-co-thoi-gian-xu-ly-737-1454708.htm		
16/06/2026	15:30	Vneconomy	Chứng Khoán			Trụ giữ nhịp, cổ phiếu chứng khoán bùng nổ	https://vneconomy.vn/tru-giu-nhip-co-phieu-chung-khoan-bung-no.htm		
16/06/2026	15:30	Vneconomy	Bất Động Sản			Hà Nội: Bổ sung nhiều quy định đặc thù về lựa chọn chủ đầu tư và bồi thường khi cải tạo đô thị	https://vneconomy.vn/ha-noi-bo-sung-nhieu-quy-dinh-dac-thu-ve-lua-chon-chu-dau-tu-va-boi-thuong-khi-cai-tao-do-thi.htm		
16/06/2026	15:29	BaoDautu	Thế Giới			Triển lãm trải nghiệm Branded Living: Khi chuẩn sống hàng hiệu được “thấu” trong từng điểm chạm	https://baodautu.vn/trien-lam-trai-nghiem-branded-living-khi-chuan-song-hang-hieu-duoc-thau-trong-tung-diem-cham-d621641.html		
16/06/2026	15:27	Vneconomy	Khác			VEAM: Bứt phá vững mạnh giữa thách thức của ngành cơ khí	https://vneconomy.vn/veam-but-pha-vung-manh-giua-thach-thuc-cua-nganh-co-khi.htm		
16/06/2026	15:26	Vneconomy	Doanh Nghiệp			Dự án bảo tàng Coca-Cola nhận giải vàng tại giải thưởng thiết kế Việt Nam VMARK 2026	https://vneconomy.vn/du-an-bao-tang-coca-cola-nhan-giai-vang-tai-giai-thuong-thiet-ke-viet-nam-vmark-2026.htm		
16/06/2026	15:26	Vneconomy	Tài Chính-Ngân Hàng			VietinBank Open API Portal phiên bản mới: Xu hướng tài chính số thông minh	https://vneconomy.vn/vietinbank-open-api-portal-phien-ban-moi-xu-huong-tai-chinh-so-thong-minh.htm		
16/06/2026	15:23	BaoDautu	Khác			Chiến dịch Con rồng Mê Kông VIII phát hiện 927 vụ việc sau gần hai tháng triển khai	https://baodautu.vn/chien-dich-con-rong-me-kong-viii-phat-hien-927-vu-viec-sau-gan-hai-thang-trien-khai-d621621.html		
16/06/2026	15:22	Viettimes	Kinh Tế			Vinaconex chốt quyền trả cổ tức, sắp tăng vốn điều lệ vượt 6.980 tỷ đồng	https://viettimes.vn/vinaconex-chot-quyen-tra-co-tuc-sap-tang-von-dieu-le-vuot-6980-ty-dong-post201583.html		
16/06/2026	15:19	TinNhanhCK	Chứng Khoán			IPO của SpaceX tác động như thế nào đến đồng Bitcoin?	https://www.tinnhanhchungkhoan.vn/ipo-cua-spacex-tac-dong-nhu-the-nao-den-dong-bitcoin-post392487.html		
16/06/2026	15:14	Nhandan	Khác			Khánh thành “Nhà đại đoàn kết” tặng hộ gia đình khó khăn ở xã biên giới tỉnh Đắk Lắk	https://nhandan.vn/khanh-thanh-nha-dai-doan-ket-tang-ho-gia-dinh-kho-khan-o-xa-bien-gioi-tinh-dak-lak-post969461.html		
									
									
									
									
									
									
									
									
									
									
									
									
									
									
									
									
									
									
									
									
									
									
									
									
									
									
									
									
									
									
									
									
									
									
									
									
									
									
									
									
									
									
									
									
									
									
									
									
									
									
									
									
									
									
									
									
									
									
									
									
									
									
									
									
									
									
									
									
									
									
									
									
									
									
									
									
									
									
									
									
									
									
									
									
									
									
									
									
									
									
									
									
									
									
									
									
									
									
									
									
									
									
									
									
									
									
									
									
									
									
									
									
									
									
									
									
									
									
									
									
									
									
									
									
									
									
									
									
									
									
									
									
									
									
									
									
									
									
									
									
									
									
									
									
									
									
									
									
									
									
									
									
									
									
									
									
									
									
									
									
									
									
									
									
									
									
									
									
									
									
									
									
									
									
									
									
									
									
									
									
									
									
									
									
									
									
									
									
									
									
									
									
									
									
									
									
									
									
									
									
									
									
									
									
									
									
									
									
									
									
									
									
									
									
									
									
									
									
									
									
									
									
									
									
									
									
									
									
									
									
									
									
									
									
									
									
									
									
									
									
									
									
									
									
									
									
									
									
									
									
									
									
									
									
									
									
									
									
									
									
									
									
									
									
									
									
									
									
									
									
									
									
									
									
									
									
									
									
									
									
									
									
									
									
									
									
									
									
									
									
									
									
									
									
									
									
									
									
									
									
									
									
									
									
									
									
									
									
									
									
									
									
									
									
									
									
									
									
									
									
									
									
									
									
									
									
									
									
									
									
									
									
									
									
									
									
									
									
									
									
									
									
									
									
									
									
									
									
									
									
									
									
									
									
									
									
									
									
									
									
									
									
									
									
									
									
									
									
									
									
									
									
									
									
									
									
									
									
									
									
									
									
									
									
									
									
									
									
									
									
									
									
									
									
									
									
									
									
									
									
									
									
									
									
									
									
									
									
									
									
									
									
									
									
									
									
									
									
									
									
									
									
									
									
									
									
									
									
									
									
									
									
									
									
									
									
									
									
									
									
									
									
									
									
									
									
									
									
									
									
									
									
									
									
									
									
									
									
									
									
									
									
									
									
									
									
									
									
									
									
									
									
									
									
									
									
									
									
									
									
									
									
									
									
									
									
									
									
									
									
									
									
									
									
									
									
									
									
									
									
									
									
									
									
									
									
									
									
									
									
									
									
									
									
									
									
									
									
									
									
									
									
									
									
									
									
									
									
									
									
									
									
									
									
									
									
									
									
									
									
									
									
									
									
									
									
									
									
									
									
									
									
									
									
									
									
									
									
									
									
									
									
									
									
									
									
									
									
									
									
									
									
									
									
									
									
									